,hostname,st_spectype,st_teff,st_rad,st_lum,sy_dist,sy_bmag,sy_vmag
1,11 Com,G8 III,4742.0,19.0,2.243,93.1846,5.726,4.72307
20,14 And,K0 III,4813.0,11.0,1.763,75.4392,6.256,5.23133
32,14 Her,K0V,5388.0,0.96,-0.155,17.9323,7.495,6.61935
61,HIP 96895,G2V,5781.0,1.26,0.23,21.1389,6.604,5.961
74,16 Cyg B,G5V,5674.0,1.17,0.143,21.1397,6.876,6.215
82,17 Sco,K3 III,4157.0,25.92,2.254,124.953,6.615,5.22606
83,18 Del,G6 III,4980.0,8.8,1.634,76.222,6.43,5.51048
97,24 Boo,G3 IV,4893.0,10.64,1.774,95.9863,6.439,5.59
121,2MASS J04372171+2651014,M V,3100.0,0.84,-1.164,128.484,17.237,16.186
183,47 UMa,G0V,5882.0,1.24,0.233,13.7967,5.646,5.03352
196,51 Eri,F0V,7257.0,1.52,0.763,29.7575,5.486,5.21149
225,51 Peg,G5V,5787.0,1.15,0.161,15.4614,6.104,5.45309
237,55 Cnc,G8V,5235.0,0.93,-0.18,12.5855,6.816,5.95084
266,6 Lyn,K0 IV,4978.0,5.2,1.176,54.6599,6.796,5.87307
279,61 Vir,G7 V,5538.0,0.99,-0.085,8.50332,0.072,4.6955
301,7 CMa,K1 III,4792.0,2.3,1.053,19.8101,5.013,3.95
325,70 Vir,G5V,5545.0,1.88,0.501,17.9011,5.678,4.96808
332,75 Cet,G3 III,4846.0,10.5,1.73,82.9613,6.366,5.3532
341,81 Cet,G5 III,4734.0,11.21,1.76,101.26,6.675,5.64307
369,AF Lep,F7/8V,6496.0,1.22,0.29,26.8564,6.854,6.332
382,AU Mic,M1VE,3753.0,0.7,-1.046,9.7221,10.209,8.81
402,BD+14 4559,K2 V,5008.0,0.95,-0.32,49.352,10.581,9.78
409,BD+15 2940,K0,4796.0,14.7,2.01,426.42,10.121,9.01
414,BD+20 2457,K2 II,4137.0,49.0,3.17,1539.71,10.989,9.743
418,BD+20 274,K5 III,4296.0,17.3,1.96,1322.51,10.72,9.367
422,BD+20 594,G,5766.0,0.93,-0.056,179.461,11.765,10.849
432,BD+48 738,K0 III,4414.0,11.0,1.69,871.493,10.352,9.139
438,BD+49 828,K0,4943.0,7.6,1.47,442.042,10.508,9.381
442,BD+60 1417,K0,4993.0,0.8,0.356,44.9543,10.379,9.374
449,BD-06 1339,M0V,4060.0,0.67,-0.959,20.2695,10.972,9.7
471,BD-11 4672,K7V,4228.0,0.67,-0.886,27.1665,11.243,10.03
480,BD-17 63,K5 V,4714.0,0.69,-0.678,34.4603,10.677,9.62
483,BD-210397,K7 V,4051.0,0.75,-0.87,23.7324,11.137,9.84
497,COCONUTS-2 A,M3 V,3406.0,0.39,-1.732,10.8864,12.983,11.298
565,CoRoT-19,F9 V,6090.0,1.65,0.544,790.663,14.905,14.135
690,CoRoTID 223977153,G0 VI,5970.0,0.79,-0.155,576.683,14.403,13.626
708,DMPP-2,F5 V,6500.0,1.78,0.104,137.94,8.965,8.57
719,DMPP-4,F7V,6266.0,1.42,0.45,25.3284,6.191,5.72936
725,DS Tuc A,G6 V,5428.0,0.96,-0.14,44.0622,8.886,8.17
861,EPIC 220674823,G5,5590.0,0.83,-0.119,244.59,12.576,12.101
872,EPIC 246851721,F5 V,6202.0,1.59,0.526,372.632,12.067,11.237
884,G 264-012,M4.0 V,3326.0,0.3,-1.972,16.009,14.644,13.078
885,G 9-40,M2.5 V,3348.0,0.31,-1.971,27.9276,15.477,13.821
906,GJ 1148,M5,3264.0,0.4,-1.699,11.0143,13.343,11.939
947,GJ 143,K4.5,4640.0,0.69,-0.686,16.32,9.214,8.08
959,GJ 15 A,M1,3607.0,0.38,-1.655,3.56228,9.616,8.09
975,GJ 160.2,K7,4345.0,0.6,-0.921,25.8557,10.938,9.7
982,GJ 179,M4,3277.0,0.41,-1.699,12.356,13.552,11.963
989,GJ 180,M3,3562.0,0.42,-1.523,11.9407,12.436,10.914
1000,GJ 2056,M0V:,4017.0,0.68,-0.959,28.4434,11.702,10.37
1013,GJ 229,M1.5V,3710.0,0.46,-1.222,5.75624,9.591,8.15
1018,GJ 251,M3.0V,3423.0,0.38,-1.699,5.58057,11.74,9.89
1026,GJ 27.1,M4,3706.0,0.54,-1.301,23.6062,12.904,11.45
1030,GJ 273,M3.5V,3283.0,0.33,-2.0,5.921535,11.313,9.84
1048,GJ 3021,G6V,5336.0,0.96,-0.174,17.5559,7.352,6.59
1053,GJ 3082,M4,3613.0,0.47,-1.523,16.6186,12.555,11.041
1057,GJ 3090,M3,3574.0,0.55,-1.301,22.4751,12.89,11.403
1077,GJ 328,M1,3920.0,0.67,-1.0,20.5266,11.305,9.99
1084,GJ 3293,M2.5,3466.0,0.4,-1.658,20.1903,13.436,11.945
1092,GJ 3341,M2.5,3526.0,0.44,-1.538,23.619,13.544,12.062
1095,GJ 338 A,M0.0V,3867.0,0.54,-1.097,6.33278,8.995,7.64
1100,GJ 338 B,M0 V,4014.0,0.58,-1.101,6.33256,9.117,7.7
1115,GJ 3470,M1.5,3600.0,0.5,-1.538,29.4214,13.785,12.332
1141,GJ 357,K,3501.0,0.34,-1.699,9.44181,12.355,10.91
1151,GJ 367,M1:,3501.0,0.51,-1.523,9.41263,11.617,10.153
1162,GJ 3929,M3.5 V,3369.0,0.32,-1.937,15.8095,14.333,12.675
1167,GJ 393,M2,3545.0,0.44,-1.523,7.03149,11.054,9.65
1172,GJ 3942,M0,3867.0,0.61,-1.12,16.9287,11.746,10.166
1176,GJ 3988,M4.5 V,3273.0,0.2,-2.395,9.9105,15.348,13.627
1179,GJ 3998,M1,3722.0,0.49,-1.387,18.1459,12.351,10.844
1188,GJ 411,M2.0V,3611.0,0.4,-1.699,5.675773,8.915,7.49
1212,GJ 414 A,K8V,4085.0,0.72,-0.886,11.8893,9.69,8.31
1217,GJ 414 B,M2 V,3663.0,0.55,-1.319,11.8728,12.457,10.82
1234,GJ 4276,M4.0,3387.0,0.41,-1.706,21.3362,14.391,12.903
1244,GJ 433,M2V,3618.0,0.47,-1.523,9.06456,11.2,9.81
1248,GJ 436,M3,3431.0,0.47,-1.523,9.75321,12.058,10.67
1272,GJ 463,M4,3469.0,0.51,-1.523,18.3554,12.924,11.595
1281,GJ 486,M4,3267.0,0.37,-2.0,8.07426,2.615,11.39
1293,GJ 504,G0Vs,6234.0,1.26,0.36,17.5299,5.768,5.18799
1324,GJ 514,M1V,3707.0,0.51,-1.398,7.61778,10.542,9.05
1332,GJ 536,K5/M0V,3700.0,0.45,-1.398,10.4092,11.168,9.71
1341,GJ 581,M3.0V,3375.0,0.34,-2.0,6.2981,11.761,10.57
1352,GJ 625,M2,3499.0,0.31,-1.894,6.47249,11.784,10.066
1362,GJ 649,M2,3675.0,0.53,-1.301,10.3796,11.164,9.7
1382,HIP 84709,M1.5V,4810.0,0.52,-0.886,6.97107,7.255,5.91
1392,GJ 674,M2.5V,3461.0,0.36,-1.699,4.54896,10.921,9.38
1396,GJ 676 A,M0,3851.0,0.73,-0.959,16.0272,10.977,9.58
1406,GJ 682,M4.0,3172.0,0.34,-2.0,5.00671,1.931,10.94
1409,GJ 685,M0.5,3816.0,0.54,-1.253,14.3155,11.401,9.98
1417,GJ 687,M3 V,3413.0,0.42,-1.672,4.54939,10.617,9.15
1430,GJ 720 A,M2,3849.0,0.61,-1.155,15.5575,11.163,9.84
1435,GJ 724,M,3671.0,0.55,-1.301,16.9658,12.093,10.638
1441,GJ 740,M1.0 V,3913.0,0.56,-1.206,11.1017,10.616,9.22
1449,GJ 806,M3,3584.0,0.43,-1.523,12.0445,12.495,10.79
1464,GJ 832,M1.5V,3601.0,0.45,-1.523,4.96435,10.34,8.66
1469,GJ 849,M3,3343.0,0.55,-1.523,8.80058,11.582,10.41
1494,GJ 86,K1V,5151.0,0.8,-0.377,10.7836,6.945,6.12
1501,GJ 876,M2.5V,3227.0,0.4,-1.699,4.67517,11.73,10.16
1534,GJ 9404,M2V,3811.0,0.73,-1.0,23.8839,12.037,10.62
1539,GJ 96,M2,3799.0,0.61,-1.155,11.9315,10.821,9.4
1545,GJ 9689,M0V:,3845.0,0.54,-1.222,30.6203,12.728,11.297
1561,GPX-1,F2,7000.0,1.56,0.727,655.013,12.74,12.316
1582,Gl 378,M1,3879.0,0.56,-1.222,14.9545,11.366,10.03
1588,Gl 49,M1.5 V,3805.0,0.51,-1.306,9.8528,11.018,9.56
1596,Gl 686,M1.0 V,3654.0,0.43,-1.523,8.15728,11.01,9.62
1608,Gliese 12,M4 V,3253.0,0.27,-2.131,12.21,14.265,12.6
1638,HAT-P-11,K4,4780.0,0.75,-0.585,37.7647,10.556,9.46
1648,HAT-P-12,K4,4650.0,0.7,-0.678,142.751,13.851,12.665
1668,HAT-P-13,G4,5653.0,1.56,0.346,246.81,11.147,10.421
1671,HAT-P-14,F5 V,6583.0,1.53,0.592,222.663,10.412,9.988
1684,HAT-P-15,G5,5568.0,1.08,0.0,192.516,13.022,12.41
1693,HAT-P-16,F8,6158.0,1.24,0.294,226.637,11.38,10.911
1706,HAT-P-17,K,5246.0,0.84,-0.319,92.3831,11.331,10.375
1713,HAT-P-18,K2,4803.0,0.75,-0.569,161.4,13.662,12.597
1720,HAT-P-19,K1,4990.0,0.82,-0.432,202.078,13.834,12.826
1727,HAT-P-2,F8,6380.0,1.39,0.53,127.774,9.15,8.72
1743,HAT-P-20,K3,4595.0,0.69,-0.721,71.0374,12.539,11.231
1751,HAT-P-21,G3,5588.0,1.1,0.025,277.278,12.56,11.459
1759,HAT-P-22,G5,5302.0,1.04,-0.114,81.7647,10.618,9.763
1778,HAT-P-23,G0,5905.0,1.2,0.199,364.813,13.051,11.937
1784,HAT-P-24,F8,6373.0,1.32,0.408,415.344,12.208,11.762
1793,HAT-P-25,G5,5500.0,0.96,-0.125,300.384,14.094,13.146
1798,HAT-P-26,K1,5079.0,0.79,-0.42,141.837,12.326,11.757
1805,HAT-P-27,G8,5300.0,0.9,-0.244,199.173,13.046,12.052
1813,HAT-P-28,G3,5680.0,1.1,0.053,401.319,13.825,13.098
1817,HAT-P-29,F8,6087.0,1.22,0.265,313.576,12.301,11.825
1825,HAT-P-3,K,5185.0,0.82,-0.355,134.554,12.526,11.856
1928,HAT-P-4,G1 V,5860.0,1.59,0.428,320.451,11.831,11.118
1980,HAT-P-49,F,6820.0,1.83,0.814,350.351,10.625,10.205
1984,HAT-P-5,G,5960.0,1.17,0.187,303.336,12.923,11.954
2047,HAT-P-57,A8 V,7500.0,1.5,0.806,279.86,10.961,10.639
2085,HAT-P-65,G2,5835.0,1.86,0.555,738.519,13.818,13.121
2089,HAT-P-66,G0,6002.0,1.88,0.615,935.456,13.552,13.014
2099,HAT-P-68,K,4508.0,0.67,-0.779,202.152,15.317,13.802
2162,HATS-11,G0,6060.0,1.44,0.403,944.603,14.657,14.06
2171,HATS-12,F,6408.0,2.21,0.863,746.138,13.258,12.831
2185,HATS-15,G9 V,5311.0,0.92,-0.204,1139.55,15.814,14.909
2188,HATS-16,G3 V,5738.0,1.24,0.173,757.044,14.395,13.957
2192,HATS-17,G V,5846.0,1.09,0.093,400.331,13.105,12.402
2196,HATS-18,G V,5600.0,1.02,-0.032,624.368,14.83,14.188
2204,HATS-2,K,5227.0,0.9,-0.268,341.925,14.53,13.565
2209,HATS-22,K V,4803.0,0.69,-0.646,229.518,14.493,13.397
2214,HATS-23,G V,5780.0,1.2,0.155,639.004,14.596,13.84
2217,HATS-24,F V,6346.0,1.17,0.292,494.182,13.393,12.915
2221,HATS-25,G,5715.0,1.11,0.068,471.158,13.812,13.172
2226,HATS-26,F,6071.0,2.04,0.704,861.843,13.553,13.006
2232,HATS-27,F,6438.0,1.74,0.669,816.988,13.239,12.782
2235,HATS-28,G,5498.0,0.92,-0.157,535.383,14.706,13.981
2240,HATS-29,G,5670.0,1.07,0.029,353.891,13.354,12.62
2245,HATS-3,F,6351.0,1.4,0.456,411.211,12.45,12.433
2252,HATS-30,G,5943.0,1.06,0.097,342.14,12.795,12.283
2275,HATS-36,G0 V,6149.0,1.16,0.215,856.436,15.06,14.364
2294,HATS-4,G,5403.0,0.93,-0.187,416.459,14.293,13.516
2338,HATS-5,G,5304.0,0.87,-0.268,246.384,13.439,12.598
2360,HATS-54,G6 V,5621.0,1.23,0.115,748.585,14.729,13.937
2428,HATS-7,K2,4985.0,0.81,-0.434,240.707,14.359,13.347
2438,HATS-71,M3 V,3405.0,0.48,-1.56,140.225,17.217,16.437
2479,HD 100655,G9 III,4861.0,9.3,1.633,137.178,7.469,6.4421
2507,HD 101930,K1V,5157.0,0.85,-0.337,30.0274,9.144,8.21
2535,HD 102195,G8 V,5330.0,0.83,-0.334,29.3386,8.821,8.07
2554,HD 102365,G3/5V,5630.0,0.96,-0.066,9.2894,5.549,4.89
2599,HD 103891,F9,6072.0,2.22,0.786,55.5213,7.128,6.59451
2603,HD 103949,K3V,4848.0,0.72,-0.585,26.4997,9.658,8.7
2615,HD 104067,K2V,4956.0,0.77,-0.469,20.3632,8.9,7.92
2631,HD 10442,K0 IV,4912.0,1.97,0.31,135.374,8.8,7.828
2634,HD 104985,G9 III,4877.0,11.0,1.778,100.576,6.824,5.79389
2642,HD 105779,G2,5792.0,0.94,-0.108,55.2411,9.268,8.65
2676,HD 106315,F5 V,6290.0,1.18,0.29,109.353,9.4,8.951
2682,HD 10647,F8V,6105.0,1.14,0.215,17.3357,6.053,5.52
2706,HD 106515 A,G5,5362.0,1.62,0.09,34.0915,8.793,7.971
2823,HD 109749,G3 V,5824.0,1.22,0.19,63.0821,8.865,8.08
2834,HD 10975,K0 III,4840.0,11.16,1.79,116.506,6.921,5.94188
2858,HD 110082,F8 V,6200.0,1.19,0.281,105.096,9.755,9.23
2875,HD 111232,G8V,5502.0,0.95,-0.131,28.9571,8.305,7.59
2904,HD 112300,M1 III,3657.0,65.8,2.701,62.07324,4.903,3.39515
2906,HD 112570,K0 III,4750.0,9.85,1.647,101.166,7.134,6.11055
2907,HD 112640,K0 III,4155.0,39.0,2.453,323.335,7.957,6.53649
2922,HD 113538,K5/M0V,4060.0,0.71,-0.921,16.2817,10.451,9.05
2936,HD 114082,F3 V,6651.0,1.49,0.583,95.3906,8.636,8.2
2950,HD 114386,K3V,4820.0,0.74,-0.495,27.9243,9.797,8.73
2955,HD 114613,G3V,5782.0,2.01,0.651,20.2836,5.538,4.85
2989,HD 114783,K1V,5135.0,0.81,-0.377,21.0628,8.436,7.56
3016,HD 11506,G0 V,6058.0,1.38,0.36,51.261,8.107,7.51
3111,HD 120084,G7 III,4892.0,9.12,1.64,103.044,6.917,5.90686
3150,HD 125595,K3/4V,4693.0,0.76,-0.602,28.1989,10.197,9.03
3164,HD 125612,G3 V,5841.0,1.05,0.06,57.6207,8.93,8.31
3229,HD 128311,K0,4965.0,0.76,-0.495,16.3292,8.422,7.48
3313,HD 134060,G2V,5914.0,1.17,0.201,24.0125,6.907,6.29
3317,HD 134606,G5IV,5648.0,1.12,0.072,26.7909,7.608,6.86
3333,HD 134987,G5V,5750.0,1.22,0.212,26.1804,7.169,6.47
3351,HD 136352,G3/5V,5672.0,1.04,0.037,14.682,6.282,5.65
3394,HD 13808,K2V,5034.0,0.82,-0.409,28.2305,9.232,8.36
3400,HD 13908,F8 V,6255.0,1.67,0.602,79.5515,8.042,7.52
3434,HD 14067,G9 III,4815.0,12.4,1.898,142.024,7.575,6.53329
3455,HD 141004,G0Vvar,5936.0,1.34,0.346,11.8148,5.01,4.4154
3469,HD 141399,K0 V,5360.0,1.46,0.201,37.0169,7.952,7.20856
3499,HD 142,F7V,6249.0,1.4,0.477,26.1853,6.201,5.7
3556,HD 143361,G6 V,5505.0,0.99,-0.092,68.5146,10.026,9.2
3590,HD 1461,G3 V,5386.0,1.24,0.075,23.4534,7.146,6.47933
3609,HD 147379,M0.0 V,4090.0,0.57,-1.097,10.7643,9.946,8.61
3619,HIP 79762,M3,3419.0,0.5,-1.523,10.7612,12.076,10.615
3639,HD 147513,G3/5V,5930.0,0.98,0.013,12.9032,6.0,5.37
3647,HD 147873,G1 V,5972.0,2.29,0.777,109.055,8.557,7.96
3666,HD 148164,F8,6032.0,1.34,0.33,77.1971,8.688,8.23
3680,HD 149026,G0,6084.0,1.5,0.44,75.8643,8.753,8.15
3703,HD 149143,G0,5856.0,1.44,0.35,73.2801,8.482,7.89
3704,HD 150010,K2 III,4153.0,16.2,1.982,144.49,7.646,6.2893
3717,HD 150706,G0,5903.0,1.01,0.045,28.2697,7.635,7.03
3730,HD 152079,G6 V,5726.0,1.15,0.107,87.8888,9.909,9.18
3770,HD 154088,K1V,5409.0,0.95,-0.143,18.2692,7.411,6.59
3782,HD 154345,G8V,5468.0,0.86,-0.187,18.284,7.487,6.76
3793,HD 154391,K1 III,4909.0,8.56,1.581,100.947,7.165,6.1552
3800,HD 154672,G3 IV,5655.0,1.44,0.281,63.0484,8.905,8.21
3838,HD 156411,F8 IV/V,5900.0,2.16,0.731,56.8655,7.274,6.67
3844,HD 156668,K2,4813.0,0.8,-0.509,24.3323,9.317,8.43
3870,HD 158259,G0,5834.0,1.29,0.243,27.0498,7.073,6.47915
3873,HD 158996,K5 III,4069.0,50.3,3.015,283.659,7.219,5.72291
3878,HD 15906,K V,4757.0,0.76,-0.569,45.5621,10.729,9.78
3880,HD 159243,G0 V,6123.0,1.12,0.114,73.3055,9.191,8.65
3896,HD 1605,K1 IV,4757.0,3.8,0.82,88.8047,8.546,7.52
3912,HD 160691,G3IV/V,5784.0,1.33,0.303,15.5981,5.808,5.12
3924,HD 161178,G9 III,4786.0,10.95,1.751,107.188,6.886,5.88375
3968,HD 162020,K2V:,4702.0,0.76,-0.602,30.8248,10.105,9.1
3972,HD 163607,G5,5522.0,1.76,0.42,67.7855,8.762,8.0
3987,HD 16417,G1V,5817.0,1.63,0.465,25.3936,6.423,5.78
3994,HD 164509,G5 V,5922.0,1.06,0.061,53.1119,8.699,8.1
4009,HD 164595,G2V,5745.0,1.04,0.037,28.254,7.775,7.08597
4022,HD 164922,K0V,5385.0,0.94,-0.119,22.0016,7.81,7.01227
4041,HD 165155,G8 V,5426.0,0.95,-0.155,63.3574,10.197,9.36
4048,HD 1666,F7 V,6317.0,1.93,0.73,117.908,8.649,8.17
4063,HD 167042,K1 IV,4943.0,4.5,1.0,49.6633,6.926,5.98796
4074,HD 167768,G8 III,4851.0,9.7,1.669,107.214,6.886,5.98894
4086,HD 168009,G2V,5767.0,1.17,0.149,23.3032,6.93,6.295
4127,HD 1690,K1 III,4393.0,16.7,1.52,752.615,10.492,9.19
4164,HD 170469,G5 IV,5810.0,1.22,0.204,60.178,8.833,8.21
4188,HD 171238,G8 V,5440.0,1.01,-0.09,44.8113,9.41,8.61
4199,HD 17156,G5,5969.0,1.47,0.39,78.0863,8.78,8.17
4208,HD 173416,G8,4683.0,13.5,1.892,132.184,7.094,6.04188
4213,HD 174205,K2,4308.0,26.6,2.378,234.027,7.512,6.28209
4234,HD 175541,G8 IV,5060.0,3.8,0.934,129.603,8.835,8.020001
4254,HD 176986,K2.5 V,4931.0,0.78,-0.48,27.7843,9.316,8.42
4265,HD 177565,G8V,5648.0,0.99,-0.027,16.9179,6.856,6.15
4303,HD 179079,G5 IV,5684.0,1.6,0.382,69.7116,8.597,7.95
4328,HD 179949,F8V,6168.0,1.22,0.322,27.4573,6.772,6.25
4349,HD 180617,M2.5V,3496.0,0.5,-1.523,5.91059,10.576,9.12
4385,HD 181342,K0 III,5040.0,5.12,1.176,120.391,8.566,7.55
4394,HD 181433,K2IV/V,4900.0,0.83,-0.444,26.8762,9.42,8.4
4413,HD 181720,G1 V,5781.0,1.39,0.288,60.2046,8.391,7.84
4436,HD 184010,K0 III-IV,4971.0,4.86,1.117,60.7993,6.809,5.88639
4439,HD 18438,M2.5 III,3860.0,88.47,2.968,224.146,7.144,5.50474
4458,HD 18599,K2 V,5145.0,0.77,-0.429,38.5653,9.872,8.99
4515,HD 189567,G3V,5713.0,1.04,0.025,17.9055,6.707,6.074
4540,HD 189733,G5,4939.0,0.8,-0.469,19.7638,8.607,7.67
4551,HD 190007,K3/4V,4604.0,0.73,-0.638,12.7141,8.542,7.46
4583,HD 190360,G6IV+...,5552.0,1.15,0.079,16.0069,6.472,5.738
4629,HD 190984,F8 V,5988.0,1.53,0.43,148.187,9.315,8.76
4640,HD 191939,G9 V,5348.0,0.94,-0.187,53.6089,9.72,8.97
4648,HD 192263,K1/2V,4975.0,0.77,-0.495,19.6359,8.725,7.79
4681,HD 192310,K3V,5080.0,0.81,-0.377,8.79687,6.629,5.73
4693,HD 192699,G8 IV,5220.0,3.9,1.009,71.8627,7.314,6.45591
4745,HD 196067,G1 V,6017.0,1.73,0.572,39.9346,7.058,6.51
4747,HD 19615,K0,4263.0,32.3,2.515,265.155,8.028,6.55594
4783,HD 19994,G0V,6188.0,1.75,0.626,22.5242,5.632,5.06345
4823,HD 202696,K0 III-IV,5040.0,6.43,1.369,188.546,8.927,8.23
4874,HD 204941,K1/2V,5126.0,0.71,-0.495,28.7165,9.253,8.45
4907,HD 207496,K3/4V,4958.0,0.88,-0.367,23.606,9.167,8.23
4941,HD 207832,G5 V,5726.0,0.89,-0.11,58.9291,9.474,8.78
4950,HD 207897,K0,5132.0,0.76,-0.444,28.2938,9.264,8.37
4954,HD 20794,G8.0V,5401.0,0.92,-0.161,6.00278,4.966,4.26
4997,HD 20868,K3/4 IV,4795.0,0.79,-0.529,47.7223,10.935,9.92
5006,HD 208897,K0,4860.0,4.98,1.09,67.4872,7.523,6.50821
5025,HD 209458,G0 V,6071.0,1.2,0.248,48.3016,8.168,7.65
5052,HD 210277,G8/K0V,5555.0,1.06,0.029,21.2985,7.296,6.54348
5069,HD 210702,K1 IV,4912.0,4.54,1.035,54.1963,6.895,5.93022
5084,HD 211810,G5,5652.0,1.13,0.07,64.6353,9.309,8.59
5092,HD 211970,M0V,4106.0,0.59,-1.046,13.1277,10.402,10.24
5137,HD 213885,G,5978.0,1.1,0.139,48.0883,8.495,7.95
5149,HD 21411,G8V,5452.0,0.85,-0.244,29.1328,8.642,7.88
5157,HD 214823,G0,5933.0,2.04,0.67,101.368,8.629,8.06
5170,HD 215152,K3V,4823.0,0.79,-0.523,21.5974,9.094,8.11
5197,HD 216437,G2/3IV,5849.0,1.48,0.387,26.6902,6.71,6.04
5220,HD 216520,K2,5144.0,0.79,-0.398,19.552,8.408,7.53
5222,HD 216536,K0,4639.0,12.5,1.8,376.233,10.418,9.229
5268,HD 217107,G8IV/V,5704.0,1.08,0.093,20.0619,6.895,6.155
5276,HD 217786,F8 V,5966.0,1.27,0.276,55.4847,8.285,7.78
5289,HD 218566,K3V,4927.0,0.79,-0.469,28.8274,9.61,8.6
5299,HD 219077,G8 V,5362.0,1.91,0.425,29.1864,6.901,6.12
5319,HD 219134,K3 V,4699.0,0.78,-0.577,6.53127,6.585,5.56911
5329,HD 219139,G5 III,4831.0,11.22,1.795,104.935,6.852,5.84863
5333,HD 219415,K0 III,4820.0,2.9,0.62,165.184,9.903,8.909
5342,HD 219828,G0 IV,5891.0,1.69,0.489,73.114,8.66,8.04
5361,HD 220689,G3 V,5921.0,1.07,0.093,46.8778,8.356,7.74
5397,HD 221420,G2 IV-V,5847.0,1.95,0.603,31.1415,6.489,5.82
5418,HD 222076,K0 III,4806.0,4.1,0.929,91.1538,8.523,7.47
5451,HD 224538,F9 IV/V,6097.0,1.54,0.47,79.0608,8.649,8.06
5459,HD 224693,G2 V,5894.0,1.93,0.61,93.5015,8.851,8.23
5469,HD 22496,K5/M0V,4172.0,0.68,-0.886,13.5956,10.062,8.57
5471,HD 22532,G8 III/IV,5038.0,5.69,1.274,161.183,8.728,7.85
5509,HD 231701,F8 V,6101.0,1.53,0.47,108.877,9.487001,8.97
5519,HD 233604,K5,4791.0,10.9,1.75,847.058,11.332,10.291
5536,HD 23472,K4 V,4684.0,0.71,-0.625,39.0341,10.694,9.73
5541,HD 235088,K2 V,5037.0,0.79,-0.443,41.1706,10.129,9.19
5558,HD 238090,M0.0 V,3933.0,0.57,-1.154,15.2354,11.103,9.71
5574,HD 240237,K2 III,4361.0,32.0,2.49,933.377,9.933,8.19
5616,HD 25171,F8 V,6160.0,1.18,0.276,55.6146,8.28,7.77
5620,HD 25723,K1 III,4766.0,13.76,1.944,114.816,6.69,5.60075
5623,HD 260655,M1:,3843.0,0.43,-1.398,10.0055,11.041,9.63
5697,HD 27442,K1/2III,4846.0,3.43,0.838,18.2704,5.518,4.44
5708,HD 27631,G3 IV-V,5737.0,1.0,-0.056,50.2862,8.915,8.26
5758,HD 28254,G1 IV/V,5664.0,1.48,0.34,55.2884,8.44,7.69
5765,HD 285968,M2,3679.0,0.45,-1.472,9.47045,11.401,9.95
5797,HD 290327,G8 V,5552.0,1.0,-0.14,56.433,9.658,8.99
5799,HD 29399,K1 III,4845.0,4.5,1.002,44.1518,6.823,5.79
5802,HD 2952,K0 III,4844.0,12.02,1.85,110.103,6.96,5.9258
5827,HD 30562,G5V,5937.0,1.58,0.489,26.1597,6.395,5.77466
5927,HD 33142,K0 III,5025.4,4.17,1.0,121.375,8.863,7.96
5937,HD 332231,F8,6089.0,1.28,0.305,80.6665,9.114,8.558
5947,HD 33283,G3/G5 V,5935.0,1.97,0.64,89.8623,8.675,8.05
5956,HD 33564,F7 V,6420.0,1.44,0.502,20.9531,5.563,5.10111
5962,HD 33844,K0 III,4861.0,5.29,1.149,105.779,8.332,7.29
5973,HD 34445,G0 V,5836.0,1.38,0.303,46.0907,7.969,7.31
5984,HD 360,G8 III,4770.0,10.86,1.742,111.542,7.022,5.986
5986,HD 36384,M0 III,3940.0,38.4,2.589,209.309,7.763,6.18839
6005,HD 3651,K0V,5221.0,0.88,-0.268,11.1336,6.744,5.88437
6041,HD 37605,K0 V,5448.0,0.9,-0.229,46.7864,9.432,8.67
6055,HD 3765,K2V,5032.0,0.79,-0.432,17.926,8.315,7.36
6096,HD 38801,K0,5207.0,2.41,0.58,91.4349,9.104,8.26
6102,HD 39091,G0 V,6037.0,1.1,0.16,18.2702,6.252,5.65
6130,HD 39194,G8V,5326.0,0.74,-0.398,26.4131,8.842,8.09
6138,HD 39855,G6V,5510.0,0.79,-0.284,23.2599,8.152,7.51
6146,HD 40307,K3V,4827.0,0.72,-0.569,12.9363,8.109,7.17
6242,HD 42618,G4 V,5727.0,1.0,-0.009,24.3358,7.503,6.87
6256,HD 4308,G5V,5695.0,1.02,0.029,22.0158,7.2,6.55
6275,HD 43197,G8 V,5508.0,1.0,-0.137,62.4112,9.708,8.98
6284,HD 43691,G0,6093.0,1.6,0.5,85.6009,8.592,8.03
6291,HD 44219,G2 V,5752.0,1.32,0.26,52.9051,8.309,7.69
6299,HD 45184,G2V,5810.0,1.08,0.083,21.9532,7.003,6.383
6327,HD 45364,K0 V,5466.0,0.89,-0.196,34.354,8.78,8.08
6335,HD 45652,G8/K0,5294.0,0.94,-0.2,34.8541,8.962,8.1
6371,HD 4732,K0 IV,4959.0,5.4,1.19,54.7841,6.852,5.9
6382,HD 47366,K1 III,4866.0,7.3,1.417,84.3552,7.095,6.11151
6403,HD 48265,G5 IV/V,5650.0,2.05,0.584,90.5446,8.782,8.05
6464,HD 50554,F8,6012.0,1.11,0.158,31.1664,7.412,6.8561
6486,HD 52265,G0V,6076.0,1.28,0.352,29.9803,6.845,6.29351
6496,HD 5278,F V,6203.0,1.19,0.28,57.5846,8.459,7.94
6500,HD 5319,K3 IV,4958.0,3.85,0.908,121.405,9.023,8.05
6514,HD 55696,G0 V,6012.0,1.52,0.43,77.9693,8.534,7.95
6519,HD 5608,K0 IV,4807.0,5.43,1.155,58.1105,6.996,6.00272
6560,HD 60292,K0 III,4348.0,27.0,2.394,315.211,8.261,6.94657
6571,HD 60532,F6V,6262.0,2.59,0.968,25.9716,4.932,4.44
6574,HD 62364,F7 V,6255.0,1.4,0.433,53.112,7.837,7.32
6599,HD 63433,G5 V,5688.0,0.91,-0.125,22.4035,7.594,6.92035
6640,HD 64121,G8/K0 III,5078.0,5.44,1.248,129.966,8.319,7.43
6666,HD 66141,K2 III,4323.0,21.4,2.24,68.1509,5.645,4.37821
6691,HD 67087,F8 V,6330.0,1.55,0.54,76.5217,8.596,8.05
6707,HD 68402,G5 IV/V,5950.0,1.02,0.068,78.4293,9.707,9.11
6710,HD 6860,M0 III,3802.0,86.4,3.224,61.12469,3.639,2.06763
6726,HD 69123,K1 III,4842.0,7.72,1.47,75.116,6.803,5.77
6729,HD 69830,K0V,5361.0,0.9,-0.201,12.5591,6.72,5.96004
6759,HD 70642,G8/K1(III+F/G),5706.0,1.02,-0.009,29.276,7.876,7.17
6800,HD 72659,G2 V,5926.0,1.36,0.336,51.8949,8.076,7.46
6808,HD 72892,G5 V,5688.0,1.22,0.146,69.7311,9.516,8.83
6810,HD 73256,G8/K0,5570.0,0.89,-0.161,36.708,8.797,8.08
6818,HD 73267,G5 V,5317.0,1.04,-0.106,50.4093,9.662,8.9
6837,HD 73534,G5,4917.0,2.58,0.54,83.3321,9.213,8.23
6846,HD 73583,K4,4582.0,0.68,-0.744,31.5666,10.742,9.67
6882,HD 74698,G5 V,5783.0,1.33,0.253,52.0648,8.436,7.78
6897,HD 75289,G0V,6095.0,1.28,0.334,29.1158,6.919,6.35
6908,HD 75784,K3 IV,4917.0,3.3,0.756,85.4321,13.062,7.84
6920,HD 75898,G0,5963.0,1.58,0.46,78.0505,8.667,8.03
6937,HD 76920,K1 III,4698.0,7.47,1.38,184.031,8.93,7.83
6950,HD 79181,G8 III,4862.0,11.06,1.79,103.335,6.686,5.72
6957,HD 7924,K0 V,5075.0,0.78,-0.438,16.9922,7.907,7.17896
6971,HD 79498,G5,5748.0,1.05,0.03,48.9489,8.727,8.05
7024,HD 81688,K0 III-IV,4797.0,11.13,1.78,85.7183,6.388,5.39755
7026,HD 81817,K3 III,4140.0,83.8,3.261,269.126,5.737,4.26489
7037,HD 82943,G2/3V,5997.0,1.14,0.215,27.5902,7.168,6.54993
7059,HD 8326,K2V,4805.0,0.8,-0.509,30.6862,9.67,8.76
7067,HD 83443,K0 V,5442.0,0.94,-0.104,40.8991,9.053001,8.23
7101,HD 85512,M0V,4379.0,0.66,-0.77,11.281,8.743,7.67
7131,HD 86081,F8,5939.0,1.46,0.38,103.936,9.342,8.73
7142,HD 86226,G2 V,5903.0,1.02,0.025,45.683,8.432,7.93
7170,HD 86950,K1 III,4805.0,8.8,1.56,209.839,8.549,7.47
7183,HD 87883,K0,4958.0,0.78,-0.456,18.2912,8.538,7.56
7205,HD 88133,G5,5392.0,2.2,0.57,73.6123,8.836,8.01852
7272,HD 90156,G5V,5626.0,0.9,-0.102,21.9496,7.595,6.92
7284,HD 9174,G8 IV,5577.0,1.67,0.382,81.4893,9.112001,8.4
7308,HD 93083,K3V,5050.0,0.83,-0.398,28.5159,9.274,8.3
7321,HD 93963 A,G0 V,5987.0,1.04,0.098,82.3432,9.771,9.182
7329,HD 9446,G5 V,5793.0,1.0,0.041,50.3503,9.045,8.35
7330,HD 94771,G3/G5 V,5631.0,1.9,0.516,57.7807,8.055,7.37
7357,HD 95127,K0,4218.0,20.0,2.28,676.579,9.429,8.15
7362,HD 95338,K0.5 V,5212.0,0.87,-0.31,36.9941,9.499,8.62
7385,HD 96127,K2 III,4152.0,35.0,2.86,587.659,8.924,7.40521
7391,HD 96167,G5,5733.0,1.94,0.57,85.3006,8.764,8.09
7409,HD 96700,G1/2V,5865.0,1.16,0.17,25.4111,7.113,6.51
7421,HD 97048,Be9.5/AO,10000.0,2.25,1.602,183.857,8.785,8.44
7423,HD 97658,K1V,5148.0,0.76,-0.444,21.5618,8.605,7.76
7456,HD 98649,G4 V,5759.0,1.0,-0.066,42.1727,8.647,8.0
7481,HD 99283,K0 III,4886.0,11.21,1.81,111.093,6.725,5.72916
7492,HD 99492,K2/4,4955.0,0.76,-0.469,18.2038,8.486,7.56727
7499,HIP 55846,G6/8III/IV,5502.0,0.93,-0.119,18.1995,7.278,6.48616
7521,GJ 9714,K5V,4237.0,0.67,-0.886,20.5121,10.613,9.37
7530,HD 199509,G3V,5770.0,0.92,-0.081,24.3056,7.715,6.98
7539,HIP 107772,M0,4108.0,0.51,-1.155,23.6434,11.871,10.56
7541,HIP 107773,K1 III,4945.0,11.6,1.87,105.18,6.629,5.62
7557,HIP 114933,K0 III,4823.0,5.27,1.14,101.766,8.244,7.25
7567,HIP 12961,M0,3996.0,0.64,-1.046,23.371,11.602,10.25
7578,HD 18143,K2,5148.0,0.87,-0.26,22.5243,8.471,7.518
7584,HIP 14810,G5,5544.0,1.07,-0.01,50.48,9.257,8.520001
7593,GJ 3222,K0V,5045.0,0.98,-0.252,18.23817,7.782,6.9
7608,HIP 34222,M0V,4095.0,0.63,-1.0,22.8386,11.511,10.14
7619,HIP 38594,M,3954.0,0.71,-0.959,17.7886,11.111,9.75
7635,HIP 4845,K7V,3988.0,0.62,-1.046,21.0974,11.375,10.06
7638,HIP 48714,M2,3831.0,0.63,-1.097,10.5298,10.389,8.99
7649,HIP 54373,K5,3848.0,0.57,-1.155,18.7168,11.808,10.38
7655,HIP 54597,K5 V,4799.0,0.66,-0.682,39.7429,10.854,9.83
7656,HIP 55507,M0,4211.0,0.7,-0.854,25.4893,11.177,9.8
7662,HIP 56640,K1 III,4769.0,4.93,1.05,122.324,9.026,7.94
7664,HIP 57274,K4 V,4640.0,0.68,0.19,25.8618,10.106,8.97
7670,HIP 5763,K5,4410.0,0.69,-0.796,31.9043,10.986,9.82
7708,HD 115404 A,K2V,4899.0,0.79,-0.495,10.9816,7.458,6.50066
7713,HIP 65 A,K4 V,4590.0,0.72,-0.678,61.7856,12.099,11.0
7724,HIP 65891,K0 III,5000.0,8.93,1.65,150.292,7.775,6.75
7744,HIP 67537,K1 III,4985.0,8.69,1.617,116.046,7.446,6.43
7745,HIP 67851,K0 III,4890.0,5.92,1.244,64.1181,7.198,6.17
7757,HIP 70849,K5,3961.0,0.64,-1.046,24.0572,11.764,10.421
7763,HD 127506,K3V,4626.0,0.73,-0.658,22.5279,9.782,8.7
7770,HIP 74890,K1 III,4850.0,5.77,1.215,78.6562,8.064,7.05
7777,HIP 75092,K0 III,4891.0,4.53,1.02,81.6696,8.149,7.11
7780,HD 140901,G6IV,5627.0,0.95,-0.06,15.2528,6.719,6.01
7814,HD 149806,K0V,5359.0,0.89,-0.222,20.2727,7.933,7.08308
7824,HD 153557,K0,4649.0,0.84,-0.538,17.9412,8.81,7.83
7836,HD 155918,G2V,5752.0,1.07,0.049,27.561,7.591,7.0
7837,HIP 8541,K2 III/IV,4670.0,7.83,1.405,155.121,8.868,7.88
7847,GJ 680,K5,3563.0,0.47,-1.523,9.67315,11.645,10.129
7853,HIP 90988,K1 III,4883.0,3.94,0.89,94.0349,8.814,7.75
7855,HIP 91258,G5 V,5519.0,1.0,-0.222,45.8846,9.453,8.65
7875,HIP 97233,K0,5020.0,5.34,1.204,102.275,8.892,7.34
7881,HN Lib,M4.0 V,3347.0,0.3,-1.995,6.24442,12.922,11.311
7906,HN Peg,G0V,5974.0,1.04,0.072,18.1186,6.533,5.97707
7946,HR 810,G0V,6097.0,1.18,0.25,17.3181,5.952,5.4
7975,HS Psc,K7 V,4203.0,0.65,-0.914,37.6604,12.705,10.769
8093,K2-113,G,5627.0,1.05,0.009,635.722,14.44,13.744
8131,K2-117,M1.0 V,3676.0,0.51,-1.357,101.632,16.129,14.639
8256,K2-133,M1 V,3655.0,0.47,-1.444,75.1703,15.394,14.073
8261,K2-136,K5 V,4364.0,0.71,-0.785,59.2474,12.479,11.101
8297,K2-140,G5,5654.0,0.99,-0.049,347.917,13.349,12.727
8310,K2-146,M3.0 V,3385.0,0.35,-1.824,79.3002,17.873,16.7
8328,K2-149,M1.0 V,3745.0,0.57,-1.31,123.676,16.055,14.543
8339,K2-150,M2.5 V,3499.0,0.44,-1.585,102.483,17.353,15.784
8348,K2-151,M1.5 V,3585.0,0.43,-1.553,69.4798,15.639,14.175
8351,K2-152,M0.0 V,3940.0,0.63,-1.06,108.449,15.098,13.728
8354,K2-153,M3.0 V,3720.0,0.49,-1.367,143.125,16.437,14.96
8359,K2-154,M0.0 V,3978.0,0.65,-1.018,129.356,15.435,13.861
8771,K2-216,K5 V,4503.0,0.72,-0.721,115.461,13.563,12.403
8857,K2-233,K3,4950.0,0.74,-0.523,67.5062,11.813,10.883
8870,K2-239,M3.0 V,3420.0,0.36,-1.796,31.0849,16.206,14.632
8872,K2-24,G3,5743.0,1.21,0.158,170.562,12.22,11.275
8884,K2-240,M0.5 V,3810.0,0.54,-1.276,72.9105,14.821,13.372
8916,K2-25,M4.5,3180.0,0.29,-2.076,44.9565,17.76,16.21
8953,K2-26,M1.0 V,3785.0,0.52,-1.31,99.0504,15.968,14.528
8972,K2-263,G9 V,5368.0,0.85,-0.26,162.481,12.348,11.568
8976,K2-264,M2.5 V,3580.0,0.47,-1.481,185.605,18.735,16.701
9157,K2-286,M0 V,3926.0,0.62,-1.046,76.1486,14.088,12.881
9165,K2-288 A,M2 V,3584.0,0.45,-1.49,96.98398,15.403,13.971
9175,K2-29,K1 V,5222.0,0.75,-0.427,178.475,13.484,12.532
9224,K2-3,M V,3844.0,0.55,-1.231,44.0727,13.527,12.168
9227,K2-30,G8 V,5581.0,0.94,-0.112,333.042,14.506,13.547
9249,K2-315,M(3.5+/-0.5) V,3300.0,0.2,-2.387,56.9686,18.656,17.67
9304,K2-33,M3.3,3540.0,1.05,-0.824,139.268,17.353,15.838
9362,K2-34,F,6149.0,1.58,0.484,348.646,12.019,11.447
9539,K2-38,G2 V,5731.0,1.06,0.037,192.69,12.344,11.344
9680,K2-415,M5 V,3173.0,0.2,-2.455,21.8182,17.065,15.33
9681,K2-416,M V,3746.0,0.55,-1.27,120.311,16.265,14.794
9683,K2-417,M V,3861.0,0.58,-1.202,94.0424,15.331,13.909
10045,KELT-10,G0 V,5948.0,1.21,0.217,188.404,11.337,10.617
10072,KELT-16,F7 V,6236.0,1.36,0.401,444.586,12.281,11.717
10075,KELT-17,A,7454.0,1.65,0.876,226.5,9.533,9.234
10081,KELT-18,F4 V,6670.0,1.91,0.813,321.376,10.62,10.16
10087,KELT-19 A,A8 V,7500.0,1.83,0.978,300.276,10.205,9.857
10103,KELT-20,A2 V,8720.0,1.56,1.104,136.426,7.669,7.59
10106,KELT-21,A8 V,7598.0,1.64,0.905,470.878,10.763,10.484
10108,KELT-23 A,G2 V,5899.0,1.0,0.034,126.261,10.902,10.308
10131,KELT-4 A,F,6206.0,1.6,0.535,218.05,10.499,9.98
10137,KELT-6,F8,6102.0,1.58,0.493,240.726,10.763,10.371
10144,KELT-7,F,6789.0,1.73,0.758,136.681,8.997,8.56
10155,KELT-9,B9.5-A0,10170.0,2.36,1.724,204.455,7.587,7.55
10674,KOI-55,B,27730.0,0.2,1.36,1231.02,14.837,15.154
10756,Kapteyn,M2.0V,3819.0,0.25,-2.0,3.93305,10.329,8.86
18945,Kepler-1513,G V,5491.0,0.95,-0.129,349.247,14.083,13.071
20831,Kepler-1654,G5 V,5597.0,1.18,0.09,568.117,14.332,13.497
21048,Kepler-167,K4,4890.0,0.73,-0.57,341.908,15.108,14.284
23578,Kepler-186,M1,3788.0,0.47,-1.385,177.594,16.867,15.138
25792,Kepler-22,G5 V,5518.0,0.98,-0.102,194.642,12.597,11.751
31326,Kepler-42,M,3068.0,0.17,-2.62,40.0595,18.121,16.7
31347,Kepler-421,G9/K0,5308.0,0.76,-0.398,348.558,14.289,13.611
31413,Kepler-425,K1 V,5170.0,0.86,-0.323,646.647,16.047,14.845
31427,Kepler-426,G1 V,5725.0,0.92,-0.089,843.695,15.736,15.032
31439,Kepler-427,G2 V,5800.0,1.35,0.29,1017.8,15.13,14.301
31452,Kepler-428,K1 V,5150.0,0.8,-0.39,686.284,16.584,15.362
34682,Kepler-62,K2 V,4925.0,0.64,-0.678,300.874,15.027,13.965
35781,Kepler-69,G4 V,5638.0,0.93,-0.097,730.625,14.655,13.866
37549,Kepler-80,K5,4540.0,0.68,-0.77,369.451,16.303,15.23
39311,Kepler-91,K3,4550.0,6.3,1.225,1294.69,14.097,12.712
40727,L 168-9,M2,3743.0,0.68,-1.097,25.1496,12.46,11.005
40733,L 98-59,M3 V,3415.0,0.3,-1.948,10.6194,13.218,11.685
40744,LHS 1140,M4.5 V,3131.0,0.19,-2.526,14.9861,15.881,14.15
40750,LHS 1478,m3 V,3381.0,0.25,-2.146,18.2276,14.971,13.304
40760,LHS 1815,M1,3643.0,0.5,-1.387,29.8424,13.585,12.167
40769,LHS 3844,M5,3036.0,0.19,-2.565,14.8846,16.942,15.24
40776,LP 714-47,M0.0 V,3950.0,0.58,-1.125,52.616,13.933,12.492
40790,LSPM J2116+0234,M3.0 V,3475.0,0.43,-1.699,17.6297,13.441,11.961
40799,LTT 1445 A,M2.5V,3697.0,0.24,-2.0,6.86929,12.304,10.59
40804,LTT 3780,M3.5 V,3360.0,0.38,-1.777,21.9814,14.678,13.14
40812,LTT 9779,G7 V,5443.0,0.95,-0.149,80.4373,10.584,9.79
40829,MASCARA-1,A8,7554.0,2.1,1.176,182.273,8.45,8.28
40833,MASCARA-4,A7 V,7800.0,1.92,1.087,170.696,8.398,8.191
40995,NGTS-23,F9 V,6057.0,1.24,0.283,1074.95,14.572,14.126
40999,NGTS-24,G2 IV,5820.0,1.64,0.446,683.062,13.97,13.214
41001,NGTS-25,K0 V,5321.0,0.86,-0.292,521.233,15.137,14.333
41404,PDS 70,K7,3972.0,1.26,-0.456,113.064,13.494,12.032
41478,Qatar-10,F7 V,6124.0,1.25,0.3,559.068,13.437,12.868
41495,Qatar-3,G0 V,6007.0,1.27,0.279,735.601,13.517,12.929
41498,Qatar-4,K1 V,5215.0,0.85,-0.318,329.036,14.559,13.574
41503,Qatar-5,G2 V,5747.0,1.08,0.056,367.658,13.432,12.614
41507,Qatar-6,K2 V,5052.0,0.72,-0.514,100.848,12.832,11.496
41512,Qatar-7,F4 V,6387.0,1.56,0.563,705.981,13.695,13.134
41516,Qatar-8,G0 V,5738.0,1.31,0.228,281.498,12.244,11.71
41520,Qatar-9,K5 V,4309.0,0.7,-0.821,213.771,15.515,14.023
41551,Ross 458,M2,3621.0,0.63,-1.222,11.5094,11.081,9.76
41569,TIC 139270665,G2,5844.0,1.02,0.032,189.875,10.918,10.385
41586,TIC 237913194,G3,5788.0,1.09,0.078,306.063,12.746,12.144
41609,TOI-1107,F6 V,6311.0,1.81,0.671,281.314,11.038,10.553
41616,TOI-1130,K7,4250.0,0.69,-0.854,58.2609,12.422,11.595
41618,TOI-1135,G0,6122.0,1.16,0.231,114.048,10.134,9.54
41637,TOI-393,M2.5 V,3437.0,0.46,-1.571,37.8932,14.094,12.659
41638,TOI-1201,M2.0 V,3476.0,0.51,-1.469,37.8871,13.764,12.26
41641,TOI-122,M3 V,3403.0,0.33,-1.854,62.118,17.061,15.526
41649,TOI-1227,M4.5V-M5V,3072.0,0.56,-2.6,100.641,18.473,16.999
41653,TOI-1231,M3 V,3553.0,0.48,-1.487,27.6227,13.74,12.36
41657,TOI-1235,M0.5 V,3997.0,0.62,-1.054,39.6345,13.291,11.495
41667,TOI-125,K0 V,5282.0,0.85,-0.293,111.059,11.722,11.023
41676,TOI-1260,K6 V,4227.0,0.65,-0.857,73.5977,13.341,11.922
41683,TOI-1266,M3 V,3618.0,0.44,-1.538,36.0118,14.578,12.941
41701,TOI-1278,M0 V,3799.0,0.57,-1.212,75.5759,14.971,13.502
41707,TOI-1288,G V,5225.0,1.01,-0.167,114.865,11.383,10.445
41716,TOI-132,G8 V,5397.0,0.9,-0.222,163.678,12.067,11.197
41738,TOI-1386,G5V,5793.0,1.01,0.017,146.858,11.337,10.61
41755,TOI-1422,G2 V,5840.0,1.02,0.048,155.141,11.312,10.622
41757,TOI-1431,Am C,7690.0,1.92,1.068,148.925,8.306,8.03
41767,TOI-1760,M4.5 &#177 0.5 V,3060.0,0.25,-2.292,30.5373,15.763,13.99
41769,TOI-1452,M4 &#177 0.5 V,3185.0,0.28,-2.155,30.5212,15.944,14.354
41777,TOI-1468,M3.0 V,3496.0,0.34,-1.797,24.7399,14.63,12.5
41780,TOI-1470,M1.5 V,3709.0,0.47,-1.425,51.9503,14.862,13.459
41786,TOI-150,F,6255.0,1.53,0.497,336.267,12.173,11.39
41800,TOI-157,G9 IV,5404.0,1.17,0.02,355.683,13.45,12.725
41808,TOI-163,F,6495.0,1.65,0.636,411.719,11.852,11.467
41809,TOI-1634,M2,3550.0,0.45,-1.539,35.2736,14.755,13.217
41826,TOI-1685,M3.0 V,3434.0,0.49,-1.519,37.6153,14.879,13.378
41829,TOI-169,G1 V,5880.0,1.29,0.253,407.84,13.057,12.355
41840,TOI-1695,M1 V,3690.0,0.52,-1.354,45.1309,14.353,12.989
41845,TOI-1696,M5V,3185.0,0.28,-2.148,64.9172,18.467,16.82
41850,TOI-1710,G5 V,5730.0,0.95,-0.048,81.2271,10.203,9.545
41858,TOI-1728,M0,3980.0,0.62,-1.056,60.798,13.688,12.39
41877,TOI-1759,M0.0 V,4065.0,0.6,-1.057,40.0654,13.689,11.93
41879,TOI-178,K,4316.0,0.65,-0.879,62.699,13.056,11.955
41885,TOI-1789,F,5991.0,2.17,0.736,229.067,10.299,9.721
41892,TOI-1801,M0.5+/-0.5 V,3863.0,0.55,-1.23,30.6796,13.02,11.58
41899,TOI-181,K,4994.0,0.74,-0.526,96.2338,12.235,11.191
41910,TOI-1853,K2.5 V,4985.0,0.81,-0.432,165.105,12.873,12.178
41934,TOI-199,G9 V,5255.0,0.82,-0.338,102.27,11.592,10.701
41947,TOI-201,F6 V,6394.0,1.32,0.415,113.825,9.595,9.07
41951,TOI-2010,F0,5929.0,1.08,0.114,109.19,10.479,9.849
41955,TOI-2018,K7,4239.0,0.58,-1.0,27.9956,11.426,10.25
41964,TOI-2048,G V,5185.0,0.79,-0.387,116.567,12.324,11.431
41974,TOI-2076,K,5187.0,0.76,-0.423,41.9091,10.032,9.139
41979,TOI-2081,M1.0,3800.0,0.53,-1.338,62.3446,14.87,13.369
41985,TOI-2084,M2+/-0.5,3551.0,0.47,-1.492,114.549,16.668,15.115
41987,TOI-2095,M0.5-1.0 V,3662.0,0.45,-1.478,41.9176,14.364,13.19
41994,TOI-2096,M4,3300.0,0.23,-2.228,48.4809,17.855,15.92
41997,TOI-2109,F,6540.0,1.7,0.673,262.041,10.648,10.217
41999,TOI-2134,K5 V,4580.0,0.71,-0.717,22.6202,10.125,8.933
42016,TOI-2152,F4 V,6630.0,1.61,0.653,303.006,12.314,11.436
42032,TOI-2180,G5,5695.0,1.64,0.406,116.685,9.847,9.162
42045,TOI-2196,G V,5634.0,1.04,-0.004,259.947,13.014,12.297
42049,TOI-2202,K8 V,5144.0,0.79,-0.401,235.933,13.902,13.004
42082,TOI-237,M4.5 V,3212.0,0.21,-2.387,38.0749,17.718,16.37
42089,TOI-238,K2V,5059.0,0.73,-0.471,80.5407,11.667,10.748
42105,TOI-244,M2.5 V,3433.0,0.43,-1.643,22.0337,14.21,12.861
42131,TOI-2525,K8 V,5096.0,0.79,-0.44,395.398,15.262,14.216
42160,TOI-2641,F9 V,6100.0,1.34,0.34,344.045,12.023,11.693
42169,TOI-270,M,3506.0,0.38,-1.712,22.4793,14.194,12.603
42201,TOI-3235,M V,3388.8,0.37,-1.79,72.811,16.887,15.16
42239,TOI-3757,M0 V,3913.0,0.62,-1.06,181.139,16.228,14.812
42243,TOI-3785,M2 V,3576.0,0.5,-1.435,79.7634,16.185,14.595
42250,TOI-3884,M4,3269.0,0.3,-2.032,43.1448,17.462,15.744
42273,TOI-4127,F V,6096.0,1.29,0.316,319.632,12.02,11.441
42289,TOI-4201,M1.0+/-0.5,3794.0,0.63,-1.119,189.011,16.696,15.163
42309,TOI-4336 C,M4.0+/-0.5,3150.0,0.22,-2.276,22.48,16.385,14.712
42313,TIC 166184426,M3.5+/-0.5,3255.0,0.32,-1.991,22.4731,14.51,12.911
42319,TOI-4342,M0 V,3901.0,0.6,-1.127,61.5204,14.055,12.669
42327,TOI-4438,M3.5 V,3422.0,0.37,-1.768,30.0346,15.22,13.69
42350,TOI-4515,G8/G9,5433.0,0.86,-0.236,193.499,12.867,11.938
42364,TOI-4600,K V,5170.0,0.81,-0.377,216.056,13.487,12.577
42367,TOI-4603,F,6264.0,2.74,1.017,225.643,9.827,9.24
42385,TOI-481,G,5735.0,1.66,0.435,179.366,10.755,9.972
42396,TOI-5126,F V,6150.0,1.24,0.299,160.414,10.693,10.141
42408,TOI-519,M V,3322.0,0.35,-1.851,115.557,17.869,17.35
42410,TOI-5205,M4.0,3430.0,0.39,-1.712,86.4493,16.63,15.899
42420,TOI-530,M0.5 V,3659.0,0.54,-1.31,148.762,16.708,15.403
42435,TOI-540,M V,3216.0,0.19,-2.461,14.0022,15.96,14.823
42442,TOI-5542,G3 V,5700.0,1.06,1.057,348.849,12.918,12.42
42446,TOI-558,F V,6466.0,1.5,0.547,402.63,11.9,11.233
42450,TOI-559,G V,5925.0,1.23,0.227,233.266,11.669,11.091
42457,TOI-561,G9 V,5372.0,0.84,-0.273,85.799,10.965,10.252
42476,TOI-615,F2 V,6850.0,1.73,0.768,360.408,11.111,10.825
42478,TOI-620,M2.5 V,3708.0,0.55,-1.288,33.0231,13.688,12.262
42481,TOI-622,F6 V,6400.0,1.42,0.474,123.297,9.472,8.995
42496,TOI-674,M2 V,3514.0,0.42,-1.614,46.0851,15.742,14.203
42502,TOI-700,M2 V,3480.0,0.42,-1.633,31.1265,14.55,13.151
42515,TOI-712,K4.5 V,4622.0,0.67,-0.728,58.6212,12.103,10.838
42522,TOI-733,G,5585.0,0.95,-0.086,75.2092,10.178,9.44
42534,TOI-776,M1 V,3709.0,0.54,-1.31,27.1701,13.041,11.536
42537,TOI-778,F3 V,6643.0,1.71,0.76,161.743,9.507,9.109
42550,TOI-824,K4 V,4600.0,0.69,-0.71,63.9262,12.101,11.314
42570,TOI-858 A,F9,5907.0,1.37,0.317,255.795,11.66,11.066
42577,TOI-892,F,6261.0,1.39,0.431,340.543,11.996,11.43
42594,TOI-942,K2.5 V,4969.0,0.89,-0.359,152.601,12.783,11.982
42625,TYC 2187-512-1,M1.0 V,3734.0,0.49,-1.381,15.4744,12.366,10.58
42753,V1298 Tau,K1,5050.0,1.28,-0.02,108.199,11.114,10.115
42810,WASP-103,F8 V,6110.0,1.44,0.413,375.647,12.979,12.402
42897,WASP-121,F6 V,6459.0,1.46,0.519,269.898,10.997,10.514
42952,WASP-132,K4,4714.0,0.75,-0.597,122.91,13.142,11.938
43144,WASP-173 A,G2,5767.0,1.1,0.083,232.98,12.561,11.15
43247,WASP-193,F9,6078.0,1.24,0.274,362.087,12.667,11.972
43482,WASP-44,G8 V,5420.0,0.91,-0.198,364.512,13.823,13.096
43658,WASP-64,G7,5400.0,1.06,-0.022,369.926,13.411,12.704
43683,WASP-68,G0,5911.0,1.69,0.505,226.399,11.342,10.674
43725,WASP-72,F7,6250.0,1.98,0.724,434.754,11.514,10.868
43729,WASP-73,F9,6036.0,2.07,0.716,316.678,10.984,10.468
43944,Wolf 1061,M3.5V,3268.0,0.34,-2.0,4.30592,11.86,10.1
43952,Wolf 1069,M5.0 V,3158.0,0.18,-2.531,9.58341,15.817,13.993
43954,Wolf 327,M2.5 V,3542.0,0.41,-1.63,28.5321,14.586,13.018
43957,Wolf 503,K3.5 V,4716.0,0.69,-0.676,44.526,11.276,10.27
44027,XO-5,G8 V,5470.0,1.08,-0.06,276.211,12.899,12.198
44040,YSES 2,K1 V,4749.0,1.19,-0.185,109.406,11.767,10.885
44050,alf Ari,K2III,4504.0,15.21,1.934,20.21019,3.156,2.00538
44067,Proxima Cen,M5.5 V,3050.0,0.14,-2.81,1.30119,12.782,11.01
44095,alf Tau,K5III,3889.0,47.7,2.672,20.4332,0.375,0.872
44102,bet Cnc,K4 III,4092.1,47.2,2.9,89.0472,5.001,3.51012
44113,bet Pic,A5V,8052.0,1.55,0.958,19.7442,4.013,3.85
44120,bet UMi,K4 III,4126.0,38.3,2.73,38.77472,3.527,2.0569
44136,eps Eri,K2.0V,5146.0,0.77,-0.456,3.2026,4.616,3.71548
44165,eps Ind A,K4V,4683.0,0.72,-0.638,3.63857,5.761,4.69
44178,eps Tau,K0 III,4877.0,12.35,1.893,47.52852,4.54,3.523
44187,gam Cep,K1IV,4761.0,5.05,1.073,14.1024,4.247,3.23006
44212,gam Lib,K0 III,4822.0,11.1,1.85,47.4017,4.907,3.90672
44217,gam Psc,G7 III,4742.0,11.2,1.766,41.3107,4.611,3.69252
44219,iot Dra,K2 III,4504.0,11.79,1.722,31.32832,4.467,3.29668
44241,kap CrB,K0 III-IV,4840.0,4.68,1.036,30.0651,5.805,4.79734
44251,mu Leo,K2 III,4538.2,11.4,1.797,32.6081,5.121,3.86648
44253,nu Oct A,K1 IIIb-IV,4860.0,5.81,1.23,21.1999,4.746,3.73
44261,nu Oph,K0 III,4887.0,12.24,1.895,46.2107,4.314,3.31216
44270,ome Ser,G8 III,4770.0,12.3,1.85,76.7556,6.237,5.21644
44281,omi CrB,K0 III,4769.0,11.87,1.822,84.7883,7.399,5.5052
44283,omi UMa,G4 II-III,5075.0,13.84,2.063,54.9149,4.194,3.35214
44292,psi1 Dra B,G0V,6159.0,1.3,0.34,22.7188,6.339,5.808
44306,rho CrB,G2V,5823.0,1.35,0.262,17.4671,6.001,5.40816
44359,tau Boo,F7V,6387.0,1.46,0.525,15.6521,4.966,4.48635
44413,ups And,F8V,6213.0,1.64,0.561,13.4054,4.625,4.09565
44426,ups Leo,G9 III,4836.0,11.22,1.8,52.5973,5.296,4.3049
44434,xi Aql,K0 III,4841.0,10.86,1.767,56.1858,5.761,4.70964
