,sy_snum,sy_pnum,pl_orbper,pl_orbsmax,pl_rade,pl_radj,pl_masse,pl_massj,pl_dens,pl_orbeccen,pl_insol,pl_eqt,pl_ratdor,pl_ratror,st_teff,st_rad,st_mass,st_met,st_lum,st_logg,st_age,st_dens,st_vsin,st_rotp,st_radv,sy_dist,sy_bmag,sy_vmag,label
15,2,1,86.647661,0.382,10.54,0.94,460.83,1.45,2.1,0.772,,511.0,,,5520.0,1.13,0.99,0.27,,4.32,9.3,0.99,4.6,,8.8,,15.83,14.818,0.0
16,3,1,1.763588,0.03641,16.948,1.512,2949.4624,9.28,3.6,0.00064,,2550.0,4.5007,0.08737,7650.0,1.74,1.72,0.2,,4.2,,,,,,519.096,10.654,9.791,0.0
23,1,4,34.169,,1.13,0.101,2.23,0.00702,9.95,,,475.0,,,5233.0,0.83,0.9,,,,,,,,,501.574,15.762,14.222,0.0
24,1,3,7.685,,2.58,0.23,11.02,0.03467,4.5,,,613.0,,,4413.0,0.67,0.68,,,,,,,,,290.324,16.175,14.626,0.0
27,1,2,21.185,,1.19,0.106,9.2,0.02895,10.0,,,785.0,,,6001.0,1.25,0.86,,,,,,,,,887.064,14.556,13.831,0.0
28,1,2,31.828,,1.21,0.108,10.36,0.0326,10.0,,,686.0,,,6001.0,1.25,0.86,,,,,,,,,887.064,14.556,13.831,0.0
36,1,1,141.241671,0.534,11.097,0.99,613.4119,1.93,2.46,0.496,,347.0,125.7,0.10646,5830.0,0.96,1.01,0.16,,4.47,3.2,1.88,3.5,,-44.93,921.986,15.259,14.616,0.0
37,1,1,0.412,0.008,0.51,0.045,99.2,0.31212,,0.0,320.0,1180.0,4.28,0.0116,3515.0,0.4,0.41,0.1,,4.77,4.0,8.9,2.0,44.0,28.11,172.245,18.608,16.413,0.0
42,2,4,3.743208,0.05119,1.71,0.153,10.5,0.033,10.1,0.25,,1486.0,7.25,0.01031,6182.0,1.52,1.28,0.023,0.479,4.18,3.16,,7.3,,,477.052,13.005,12.314,0.0
43,2,4,10.423648,0.1013,4.32,0.385,15.6,0.049,0.91,0.43,,1012.0,14.3,0.02599,6182.0,1.52,1.28,0.023,0.479,4.18,3.16,,7.3,,,477.052,13.005,12.314,0.0
44,2,4,22.342989,0.1684,11.27,1.005,106.0,0.334,0.363,0.022,,806.0,23.8,0.06802,6182.0,1.52,1.28,0.023,0.479,4.18,3.16,,7.3,,,477.052,13.005,12.314,0.0
45,2,4,54.32031,0.3046,6.56,0.585,35.0,0.11,0.6,0.019,,584.0,43.1,0.0396,6182.0,1.52,1.28,0.023,0.479,4.18,3.16,,7.3,,,477.052,13.005,12.314,0.0
46,1,2,4.2881785,0.0504,4.3,0.384,,,,0.12,,1022.0,13.26,,5295.0,0.82,0.93,0.12,,4.54,,2.3967,,,,252.667,,12.795,0.0
47,1,2,21.512,0.1467,,,209.8,0.6601,,0.38,,597.0,,,5295.0,0.82,0.93,0.12,,4.54,,2.3967,,,,252.667,,12.795,0.0
48,1,3,0.8374907,0.01685,1.47,0.131,3.26,0.01026,5.57,0.0,3820.0,2188.0,,,5708.0,1.06,0.91,-0.15,,,10.6,,,,,185.506,12.258,11.043,0.0
49,1,3,45.294301,0.241,2.355,0.21,11.4,0.03587,4.78,0.13,18.68,578.0,,,5708.0,1.06,0.91,-0.15,,,10.6,,,,,185.506,12.258,11.043,0.0
64,1,2,3.4876812,0.0474,5.77,0.51,51.1,0.16,1.45,0.086,,1513.0,6.55,0.03401,5667.0,1.56,1.17,0.33,,4.12,5.9,0.437,2.6,,-77.71,927.981,14.474,13.7,0.0
65,1,2,6.02976,0.0684,1.25,0.112,3.78,0.01,10.5,0.0,,1413.0,8.0,0.00732,5667.0,1.56,1.17,0.33,,4.12,5.9,0.437,2.6,,-77.71,927.981,14.474,13.7,0.0
77,1,5,5.286965,0.05521,0.46,0.041,1.1,0.00346,62.0,0.1,90.0,857.0,,,4909.0,0.72,0.8,0.11,,,1.1,,,27.95,,107.796,12.58,12.072,0.0
78,1,5,7.071392,0.06702,0.567,0.051,1.7,0.00535,52.0,0.094,61.0,777.0,,,4909.0,0.72,0.8,0.11,,,1.1,,,27.95,,107.796,12.58,12.072,0.0
79,1,5,10.311767,0.08618,1.154,0.103,3.0,0.00944,10.7,0.092,36.9,686.0,,,4909.0,0.72,0.8,0.11,,,1.1,,,27.95,,107.796,12.58,12.072,0.0
80,1,5,16.1456994,0.1162,2.17,0.194,4.7,0.01479,2.5,0.089,20.3,590.0,,,4909.0,0.72,0.8,0.11,,,1.1,,,27.95,,107.796,12.58,12.072,0.0
81,1,5,27.453592,0.1656,0.861,0.077,4.3,0.01353,37.0,0.1,10.0,495.0,,,4909.0,0.72,0.8,0.11,,,1.1,,,27.95,,107.796,12.58,12.072,0.0
92,1,2,15.9653287,0.13223,3.486,0.311,9.8,0.03083,1.28,0.093,149.9,973.0,,,6009.0,1.49,1.21,0.16,,,,,,,,494.832,12.679,11.883,0.0
93,1,2,179.60978,0.6639,5.45,0.486,38.0,0.11956,1.29,0.095,5.95,434.0,,,6009.0,1.49,1.21,0.16,,,,,,,,494.832,12.679,11.883,0.0
119,1,2,5.4122,0.066,4.81,0.429,,,,0.47,,1418.0,8.9,0.028,6397.0,1.58,1.28,-0.22,0.607,4.15,,0.46,,,,459.223,13.585,12.981,0.0
125,1,2,180.921729,0.6135,2.3,,,,,0.0,1.96,302.0,157.5,0.02485,5818.0,0.85,0.94,-0.22,,4.55,,2.2584,,,,943.444,15.827,14.932,1.0
149,1,4,3.1800218,0.04544,1.536,0.137,3.8,0.01196,5.8,0.1,1073.0,1592.0,,,5854.0,1.45,1.24,0.321,,,4.29,,,,,525.997,13.33,12.543,0.0
150,1,4,4.901452,0.06064,1.597,0.142,10.0,0.03146,13.5,0.08,602.0,1378.0,,,5854.0,1.45,1.24,0.321,,,4.29,,,,,525.997,13.33,12.543,0.0
151,1,4,7.95839,0.08377,0.86,0.077,7.7,0.02423,67.0,0.11,315.0,1173.0,,,5854.0,1.45,1.24,0.321,,,4.29,,,,,525.997,13.33,12.543,0.0
152,1,4,14.749143,0.12638,2.903,0.259,14.1,0.04436,3.18,0.1,138.7,955.0,,,5854.0,1.45,1.24,0.321,,,4.29,,,,,525.997,13.33,12.543,0.0
179,1,2,6.4816307,0.0701,2.49,0.222,4.9,0.01542,1.7,0.11,442.0,1276.0,,,5950.0,1.39,1.09,-0.02,,,6.2,,,,,474.861,12.826,12.398,0.0
180,1,2,21.22265,0.1546,2.65,0.236,8.2,0.0258,2.4,0.098,91.0,859.0,,,5950.0,1.39,1.09,-0.02,,,6.2,,,,,474.861,12.826,12.398,0.0
212,1,2,224.77833,0.751,7.084,0.632,222.47988,0.7,3.42,0.176,4590.0,352.0,141.0,0.0568,5914.0,1.15,1.12,0.237,0.158,4.37,3.4,1.05,,,,657.223,14.341,13.543,0.0
232,1,2,199.66876,0.6193,1.45,,,,,0.0,2.06,305.0,171.8,0.01444,5678.0,0.92,0.79,-0.4,,4.41,,2.4075,,,,635.736,14.918,14.221,1.0
283,1,2,59.284064,0.2832,1.81,,,,,0.0,6.14,401.0,71.4,0.0193,5225.0,0.86,0.86,0.14,,4.5,,1.9561,,,,940.211,16.439,15.749,0.0
292,1,2,18.7959228,0.1445,8.059,0.719,29.875,0.094,0.3,0.0493,,984.0,19.67,0.0463,6150.0,1.61,1.13,-0.04,,4.1,5.3,0.41,6.0,,-12.95,1455.57,15.056,14.282,0.0
293,1,2,50.790391,0.2804,12.341,1.101,584.78,1.84,1.74,0.0323,,704.0,38.18,0.07052,6150.0,1.61,1.13,-0.04,,4.1,5.3,0.41,6.0,,-12.95,1455.57,15.056,14.282,0.0
308,1,2,8.93484887,0.0928,1.83,,,,,0.0,377.25,1124.0,12.89,0.01242,6688.0,1.35,1.34,0.07,,4.3,,0.5072,,,,938.417,14.137,13.549,0.0
329,1,1,4.4379629,0.0553,19.661,1.754,137.30256,0.432,0.11,,,1480.0,8.019,0.11887,5947.0,1.48,1.17,0.07,,4.17,,,,,,881.386,14.271,13.468,0.0
461,2,3,27.50868,0.178,2.9,0.259,,,,0.0,,683.0,32.6,0.023,5879.0,1.17,1.0,0.02,0.155,4.29,,0.87,,,,316.663,12.16,11.572,0.0
571,1,4,10.3134,0.0753,0.64,0.057,0.07,0.00022,1.7,0.02,9.9,452.0,30.3,,3841.0,0.54,0.54,-0.18,-1.252,4.71,,4.9,,,,66.8624,14.621,13.04,0.0
572,1,4,13.7815,0.0913,1.51,0.135,2.3,0.00724,3.6,0.017,6.8,410.0,37.0,,3841.0,0.54,0.54,-0.18,-1.252,4.71,,4.9,,,,66.8624,14.621,13.04,0.0
573,1,4,23.0923,0.1288,1.51,0.135,2.1,0.00661,3.6,0.01,3.4,345.0,51.8,,3841.0,0.54,0.54,-0.18,-1.252,4.71,,4.9,,,,66.8624,14.621,13.04,0.0
694,1,2,11.6044881,0.0981,1.88,,,,,0.0,118.5,841.0,26.22,0.01475,5533.0,1.17,0.93,0.16,,4.28,,2.5315,,,,978.678,16.118,15.421,0.0
714,1,2,35.8007112,0.2588,7.97,,,,,0.0,227.68,991.0,33.86,0.01846,5745.0,3.96,1.8,0.4,,3.5,,0.5732,,,,1014.62,14.087,13.6,0.0
723,1,2,61.569765,0.3045,2.44,,,,,0.0,18.66,530.0,43.0,0.01607,5626.0,1.39,0.99,0.14,,4.15,,0.3979,,,,2065.59,16.519,15.796,0.0
754,1,2,217.83184,0.753,12.42,1.108,1678.1424,5.28,4.82,0.401,3.23,388.0,125.6,0.08835,6145.0,1.29,1.2,0.119,0.328,4.29,2.9,0.787,,,,397.292,12.482,11.766,0.0
755,1,2,10.514181,0.0997,1.176,0.105,,,,0.32,193.0,1066.0,16.63,0.00836,6145.0,1.29,1.2,0.119,0.328,4.29,2.9,0.787,,,,397.292,12.482,11.766,0.0
760,1,2,9.6310258,0.0905,2.9,,,,,0.0,338.33,1094.0,5.25,0.01973,6432.0,1.34,1.06,-0.34,,4.21,,0.0295,,,,903.51,13.855,13.374,0.0
885,1,2,44.9851885,0.2323,2.09,,,,,0.0,8.34,433.0,64.4,0.02397,5295.0,0.8,0.82,-0.1,,4.55,,2.4928,,,,864.331,17.016,16.077,0.0
922,1,4,94.886902,0.4025,4.24,,,,,0.0,7.99,429.0,34.4,0.0354,5888.0,1.1,0.97,-0.1,,4.34,,0.0857,,,,890.758,14.625,14.379,0.0
933,1,2,8.689099,,1.017,0.091,,,,,2.21,307.0,44.77,0.0402,3240.0,0.23,0.2,-0.15,-2.287,5.0,,,,,,92.1913,,17.95,1.0
934,1,2,19.53527,,1.06,0.095,,,,,0.75,234.0,76.8,0.042,3240.0,0.23,0.2,-0.15,-2.287,5.0,,,,,,92.1913,,17.95,1.0
939,1,1,38.09722,0.1654,1.6,0.143,,,,,0.81,268.0,91.0,0.0387,3638.0,0.38,0.4,-0.3,-1.638,4.88,3.2,7.05,,31.18,,,18.805,16.86,1.0
940,1,1,140.2524,0.4706,2.17,0.194,,,,,0.98,284.0,146.7,0.0286,4807.0,0.69,0.72,-0.18,-0.636,4.62,7.7,2.16,,,,,16.983,15.864,1.0
941,1,1,1047.8356,2.026,9.18,0.819,158.915,0.5,1.2,0.26,0.3,206.0,370.3,0.07138,5597.0,1.18,1.01,-0.088,0.09,4.3,5.0,0.876,2.0,,,568.117,14.332,13.497,1.0
942,1,1,11.8728787,0.1029,2.213,0.197,5.4,0.01699,2.72,0.19,129.1,938.0,,,6148.0,1.03,1.03,-0.24,,,2.56,,,,,213.26,11.624,11.045,0.0
949,2,1,175.06,0.633,3.87,0.345,17.0,0.05349,1.6,0.057,0.88,243.0,,0.04651,5100.0,0.76,0.84,-0.12,,4.66,2.0,,2.5,24.44,,410.607,15.384,14.357,1.0
959,1,3,4.72941177,0.0468,1.22,,,,,0.0,47.3,669.0,16.04,0.01851,4224.0,0.6,0.61,-0.2,,4.66,,3.4878,,,,543.444,17.908,16.473,0.0
960,2,4,4.3931539,0.04825,1.718,0.153,,,,0.0,,918.0,,,4884.0,0.75,0.78,0.02,-0.539,4.58,7.1,2.6,,,,341.908,15.108,14.284,0.0
961,2,4,7.406106,0.0684,1.674,0.149,,,,0.0,,771.0,,,4884.0,0.75,0.78,0.02,-0.539,4.58,7.1,2.6,,,,341.908,15.108,14.284,0.0
962,2,4,21.80379,0.1404,1.238,0.11,,,,0.0,,538.0,,,4884.0,0.75,0.78,0.02,-0.539,4.58,7.1,2.6,,,,341.908,15.108,14.284,0.0
963,2,4,1071.23205,1.883,10.16,0.906,321.00669,1.01,1.68,0.29,,134.0,,,4884.0,0.75,0.78,0.02,-0.539,4.58,7.1,2.6,,,,341.908,15.108,14.284,0.0
1002,1,1,1.4857108,0.02591,14.68,1.31,778.65,2.45,1.35,0.011,,1570.0,5.48,0.13031,5781.0,1.01,1.04,0.26,0.012,4.45,,1.4217,,,,720.753,14.99,14.314,0.0
1008,1,1,988.88112,2.027,11.949,1.066,1322.16617,4.16,4.07,0.92,0.34,254.0,256.4,0.0644,5746.0,1.7,1.13,0.196,0.452,4.03,7.4,0.325,,,,835.455,14.021,13.392,1.0
1135,1,2,116.583183,0.4572,2.91,,,,,0.0,4.47,371.0,129.5,0.02715,5738.0,0.98,0.94,-0.06,,4.43,,3.0227,,,,839.332,15.546,15.28,0.0
1151,1,2,0.62628177,0.0133,1.76,,,,,0.0,2011.27,1711.0,3.547,0.01958,4922.0,0.82,0.79,0.2,,4.5,,2.1527,,,,726.346,17.197,15.814,0.0
1176,1,2,0.76669152,0.015,1.22,,,,,0.0,1334.22,1541.0,4.39,0.01422,4821.0,0.79,0.77,0.16,,4.53,,2.7316,,,,500.395,15.794,15.18,0.0
1207,1,2,3.59645081,0.0473,1.66,,,,,0.0,732.82,1327.0,6.71,0.01232,5887.0,1.24,1.09,0.16,,4.29,,0.4413,,,,1331.25,15.99,15.178,0.0
1223,1,2,1.7168283,0.028,0.74,,,,,0.0,1056.84,1455.0,4.67,0.00755,5808.0,0.9,0.99,-0.06,,4.52,,0.653,,,,113.025,10.957,10.31,0.0
1232,1,1,6.99205,0.0758,0.853,0.076,2.4,0.00755,19.0,0.098,475.0,1299.0,,,6104.0,1.48,1.19,0.01,,,4.4,,,,,259.935,11.444,10.793,0.0
1255,1,2,5.05368985,0.0576,1.21,,,,,0.0,243.06,1007.0,13.27,0.01231,5772.0,0.9,1.0,0.0,,4.53,,1.7297,,,,935.191,14.667,15.452,0.0
1261,1,3,9.28699,0.0846,2.209,0.197,6.1,0.01919,3.1,0.41,87.6,851.0,,,5541.0,0.86,0.94,-0.13,,,1.9,,,,,218.562,12.878,12.035,0.0
1293,1,2,3.15722086,0.0454,1.41,,,,,0.0,2436.47,1791.0,6.48,0.00645,6120.0,2.0,1.25,0.02,,3.93,,0.5161,,,,928.989,13.905,13.103,0.0
1358,1,1,4.95931924,0.0565,12.21,,,,,0.0,349.4,1103.0,12.386,0.10338,5712.0,1.08,0.98,0.1,,4.36,,1.4617,,,,1314.51,16.273,15.445,0.0
1359,1,1,4.53702121,0.0486,1.66,,,,,0.0,95.61,798.0,14.16,0.02205,4805.0,0.69,0.77,-0.06,,4.63,,2.6104,,,,592.711,14.906,16.047,0.0
1360,1,1,10.84969477,0.0914,2.67,,,,,0.0,49.3,676.0,20.83,0.0314,5251.0,0.78,0.87,-0.04,,4.59,,1.4533,,,,865.512,14.918,15.49,0.0
1361,1,1,18.5084526,0.1383,29.33,,,,,0.0,51.32,683.0,5.88,0.28636,5942.0,0.94,1.03,-0.06,,4.51,,0.0112,,,,1076.27,16.126,15.484,0.0
1365,1,1,33.0257179,0.2049,2.21,,,,,0.0,23.95,564.0,42.65,0.02042,5819.0,0.99,1.05,0.14,,4.47,,1.3454,,,,1709.4,15.935,15.906,0.0
1366,1,1,453.54212,1.3292,9.23,,,,,0.0,5.45,390.0,164.9,0.02813,5874.0,3.01,1.52,0.12,,3.66,,0.4125,,,,659.395,14.648,13.563,0.0
1367,1,1,3.82315697,0.0511,0.77,,,,,0.0,638.38,1282.0,12.3,0.00629,6202.0,1.12,1.21,0.21,,4.42,,2.4067,,,,558.855,13.32,12.696,0.0
1368,1,1,7.32851947,0.0689,2.33,,,,,0.0,100.13,807.0,13.31,0.02445,5135.0,0.87,0.81,0.12,,4.46,,0.8313,,,,424.428,15.416,14.518,0.0
1369,1,1,1.99281234,0.0238,6.81,,,,,0.0,48.82,675.0,1.971,0.14857,3638.0,0.42,0.45,-0.14,,4.84,,0.0365,,,,,18.353,16.192,0.0
1370,1,1,3.42064689,0.0426,2.27,,,,,0.0,382.68,1129.0,6.63,0.02152,5370.0,0.97,0.88,0.14,,4.41,,0.4717,,,,,,15.223,0.0
1371,1,1,19.5489666,0.1307,1.89,,,,,0.0,26.62,579.0,50.2,0.02362,5549.0,0.73,0.78,-0.54,,4.6,,6.2798,,,,912.085,16.301,15.661,0.0
1372,1,4,2.345863,0.0318,1.23,,,,,0.0,233.38,997.0,10.85,0.01572,4769.0,0.71,0.8,0.12,,4.62,,4.3876,,,,595.683,,15.477,0.0
1373,1,4,3.64830183,0.0427,1.33,,,,,0.0,129.44,860.0,14.17,0.01701,4769.0,0.71,0.8,0.12,,4.62,,4.0426,,,,595.683,,15.477,0.0
1374,1,4,5.64491415,0.0571,2.66,,,,,0.0,72.38,744.0,17.83,0.03411,4769.0,0.71,0.8,0.12,,4.62,,3.3637,,,,595.683,,15.477,0.0
1375,1,4,8.74292005,0.0765,1.92,,,,,0.0,40.33,643.0,26.04,0.02459,4769.0,0.71,0.8,0.12,,4.62,,4.3711,,,,595.683,,15.477,0.0
1376,1,1,11.49500229,0.1038,1.53,,,,,0.0,351.79,1105.0,5.08,0.00785,6033.0,1.79,1.13,-0.1,,3.98,,0.0187,,,,513.426,12.894,12.128,0.0
1377,1,1,10.16102353,0.0918,4.62,,,,,0.0,157.97,904.0,18.52,0.03995,6032.0,1.06,1.0,-0.14,,4.39,,1.1647,,,,1252.13,12.699,14.289,0.0
1380,1,2,1.73513619,0.0286,3.27,,,,,0.0,1372.87,1554.0,6.0158,0.02796,5751.0,1.07,1.03,0.21,,4.39,,1.368,,,,392.739,13.264,11.946,0.0
1381,1,2,4.06844957,0.0504,0.98,,,,,0.0,442.08,1170.0,9.3,0.00841,5751.0,1.07,1.03,0.21,,4.39,,0.9182,,,,392.739,13.264,11.946,0.0
1382,1,2,13.26079792,0.1065,1.47,,,,,0.0,78.79,760.0,25.61,0.01276,5478.0,1.05,0.91,0.16,,4.35,,1.8071,,,,855.82,,15.048,0.0
1383,1,2,22.79020351,0.1528,2.57,,,,,0.0,38.27,634.0,35.303,0.02233,5478.0,1.05,0.91,0.16,,4.35,,1.6025,,,,855.82,,15.048,0.0
1384,1,1,15.6112238,0.1169,0.91,,,,,0.0,38.99,637.0,27.6,0.00985,5383.0,0.84,0.87,0.0,,4.53,,1.6256,,,,532.955,14.542,13.79,0.0
1385,1,1,26.6565737,0.1943,4.15,,,,,0.0,157.45,903.0,30.6,0.01241,5159.0,3.06,1.37,-0.04,,3.6,,0.7638,,,,1031.91,14.526,13.451,0.0
1386,1,1,4.61225043,0.053,0.51,,,,,0.0,268.27,1032.0,13.15,0.00485,5495.0,0.96,0.93,0.16,,4.44,,2.0228,,,,241.991,12.734,12.01,0.0
1387,1,1,73.7578875,0.3259,4.28,,,,,0.0,4.66,375.0,159.1,0.04213,5029.0,0.93,0.85,0.48,,4.43,,14.0076,,,,595.331,16.426,15.516,0.0
1388,1,2,32.376183,0.1789,2.26,,,,,0.0,5.61,392.0,28.2,0.03067,4580.0,0.68,0.75,0.08,,4.64,,0.4057,,,,440.561,14.114,15.11,0.0
1389,1,2,92.7297248,0.3608,2.81,,,,,0.0,1.38,276.0,60.8,0.03819,4580.0,0.68,0.75,0.08,,4.64,,0.4944,,,,440.561,14.114,15.11,1.0
1390,1,1,26.7575866,0.1815,2.28,,,,,0.0,44.86,660.0,32.6,0.01988,6215.0,1.05,1.11,-0.06,,4.44,,0.9186,,,,1502.34,15.222,15.454,0.0
1391,1,1,3.03267135,0.0405,0.6,,,,,0.0,468.31,1187.0,12.78,0.00593,5640.0,0.92,0.96,0.06,,4.49,,4.2915,,,,340.965,14.226,12.74,0.0
1392,1,1,8.7396758,0.0713,3.29,,,,,0.0,26.17,577.0,7.43,0.04792,4406.0,0.63,0.63,-0.24,,4.64,,0.1014,,,,701.255,18.291,16.433,0.0
1393,2,6,3.6961049,0.04565,1.773,0.158,9.7,0.03052,9.4,0.083,331.0,1187.0,,,5495.0,0.92,0.93,0.07,,,5.6,,,,,282.563,13.278,12.61,0.0
1394,2,6,10.8540774,0.0936,2.894,0.258,11.1,0.03492,2.51,0.076,78.7,828.0,,,5495.0,0.92,0.93,0.07,,,5.6,,,,,282.563,13.278,12.61,0.0
1395,2,6,77.611455,0.3474,2.606,0.232,13.4,0.04216,4.1,0.082,5.71,430.0,,,5495.0,0.92,0.93,0.07,,,5.6,,,,,282.563,13.278,12.61,0.0
1396,2,6,6.0984882,0.0637,0.821,0.073,0.76,0.00239,7.5,0.092,169.8,1004.0,,,5495.0,0.92,0.93,0.07,,,5.6,,,,,282.563,13.278,12.61,0.0
1397,2,6,19.578328,0.1387,0.952,0.085,1.4,0.0044,8.4,0.094,35.9,681.0,,,5495.0,0.92,0.93,0.07,,,5.6,,,,,282.563,13.278,12.61,0.0
1400,1,2,6.38315913,0.0562,2.73,,,,,0.0,18.73,530.0,28.55,0.04336,3757.0,0.58,0.58,0.48,,4.68,,10.8059,,,,320.588,16.781,15.642,0.0
1401,1,2,20.6180348,0.1228,1.57,,,,,0.0,3.92,359.0,48.85,0.02489,3757.0,0.58,0.58,0.48,,4.68,,5.1879,,,,320.588,16.781,15.642,0.0
1402,1,2,1.090011,0.0197,1.04,,,,,0.0,911.28,1402.0,4.84,0.01236,5081.0,0.77,0.86,0.12,,4.6,,1.8077,,,,776.55,17.631,15.981,0.0
1403,1,2,14.09258319,0.1084,1.82,,,,,0.0,30.1,597.0,21.704685,0.02168,5081.0,0.77,0.86,0.12,,4.6,,0.9739,,,,776.55,17.631,15.981,0.0
1427,2,1,2.7858212,0.0434,1.639,0.146,7.5,0.0236,9.3,0.0,2749.0,2015.0,,,6305.0,1.9,1.41,-0.03,,,2.84,,,13.42,,108.522,8.431,8.25,0.0
1453,1,1,289.863876,0.812,2.1,0.187,9.1,0.02863,5.2,0.72,1.01,279.0,,,5596.0,0.87,0.86,-0.255,,,7.0,,,,,194.642,12.597,11.751,1.0
1662,1,3,0.76401755,0.0154,0.86,,,,,0.0,1503.79,1589.0,4.86,0.01049,5142.0,0.76,0.84,-0.06,,4.6,,3.7212,,,,694.627,16.586,15.775,0.0
1684,1,3,150.0189511,0.523,32.6,,,,,0.0,2.62,325.0,119.3,0.33285,5618.0,0.9,0.85,-0.22,,4.46,,1.4261,,,,692.14,15.572,14.326,0.0
1730,1,3,232.040326,0.7326,2.05,,,,,0.0,2.71,327.0,117.8,0.01628,5903.0,1.16,0.97,-0.1,,4.3,,0.5744,,,,778.654,14.924,13.902,0.0
1759,1,2,1.678328,0.02778,1.381,0.123,3.9,0.01227,8.2,0.095,1900.0,1838.0,,,6004.0,1.12,1.01,-0.14,,,5.4,,,,,454.883,13.454,12.78,0.0
1760,1,2,3.5538229,0.0458,1.57,0.14,6.8,0.0214,9.6,0.095,700.0,1431.0,,,6004.0,1.12,1.01,-0.14,,,5.4,,,,,454.883,13.454,12.78,0.0
1830,1,3,85.517344,0.3802,3.04,,,,,0.0,12.75,482.0,27.0,0.01921,5592.0,1.45,1.0,0.16,,4.12,,0.0508,,,,1298.88,15.36,14.567,0.0
1885,1,4,13.36702,0.1019,0.31,0.028,0.79,0.00249,140.0,0.098,44.5,718.0,,,5357.0,0.79,0.79,-0.36,,,7.6,,,,,63.9207,10.446,9.770001,0.0
1886,1,4,21.301848,0.139,0.755,0.067,1.3,0.00409,15.0,0.099,23.9,615.0,,,5357.0,0.79,0.79,-0.36,,,7.6,,,,,63.9207,10.446,9.770001,0.0
1887,1,4,39.7922622,0.2109,2.03,0.181,2.0,0.00629,1.3,0.1,10.39,499.0,,,5357.0,0.79,0.79,-0.36,,,7.6,,,,,63.9207,10.446,9.770001,0.0
1911,2,1,105.599,0.4632,4.3,0.384,122.0,0.384,,0.032,,475.0,,0.02254,5623.0,1.75,0.94,-0.11,,3.93,10.0,0.175,2.4,,,1174.59,14.56,14.015,0.0
1934,1,1,21.08721,0.164,13.9,1.24,6388.1,20.1,13.0,0.112,,897.0,24.92,0.091,6350.0,1.4,1.29,0.1,,4.4,2.1,0.66,16.0,,-0.06,1057.41,15.117,14.355,0.0
1958,1,1,3.21346,0.0456,4.002,0.357,24.472,0.077,1.91,0.0,,1650.0,6.47,0.0247,5857.0,1.49,1.22,0.17,0.354,4.17,4.5,,2.2,,-61.0,487.916,13.209,12.285,0.0
1959,1,1,6.87349,0.08,13.11,1.17,699.2,2.2,1.68,0.0,,1620.0,8.11,0.0565,6510.0,2.13,1.48,0.1,,3.94,2.8,0.213,9.0,,6.57,2305.01,15.204,14.657,0.0
1980,1,1,68.9583216,0.3192,1.199,0.107,6.0,0.01888,19.0,0.69,6.15,438.0,,,5421.0,0.9,0.91,0.05,,,5.8,,,,,68.173,10.357,9.636,0.0
1981,1,1,1.8555582,0.03101,14.46,1.29,177.98,0.56,0.33,0.0,,1790.0,5.159,0.10265,5750.0,1.29,1.15,0.38,,4.28,4.4,0.754,6.0,,-27.07,1093.08,15.367,14.509,0.0
1983,2,4,3.005156,0.0375,2.401,0.214,25.6,0.08055,10.3,0.146,,1138.0,,0.0266,,0.82,0.87,,,,0.212,,,10.4,,153.676,14.745,12.448,0.0
1984,2,4,7.834435,0.0739,4.421,0.394,26.4,0.08306,1.7,0.108,,838.0,,0.0449,,0.82,0.87,,,,0.212,,,10.4,,153.676,14.745,12.448,0.0
1985,2,4,58.02035,0.279,3.319,0.296,15.2,0.04782,2.3,0.128,,410.0,,0.0372,,0.82,0.87,,,,0.212,,,10.4,,153.676,14.745,12.448,0.0
1986,2,4,31.509728,0.186,,,10.8,0.03398,,0.016,,503.0,,,,0.82,0.87,,,,0.212,,,10.4,,153.676,14.745,12.448,0.0
1987,1,1,1.7208604,0.02897,15.031,1.341,299.07803,0.941,0.52,,,1850.0,4.841,0.10474,5750.0,1.29,1.17,0.27,,4.3,,,,,,1086.24,15.037,14.399,0.0
1995,1,3,3.07644709,0.0407,1.61,,,,,0.0,583.25,1253.0,6.54,0.01442,5670.0,1.02,0.95,0.06,,4.4,,0.5583,,,,690.819,,14.166,0.0
2002,1,3,1.2137672,0.0116,0.78,0.07,,,,,,519.0,,0.0419,3068.0,0.17,0.13,-0.33,-2.62,,4.5,,3.3,,-84.48,40.0595,18.121,16.7,0.0
2003,1,3,0.45328509,0.006,0.73,0.065,,,,,,720.0,,0.0395,3068.0,0.17,0.13,-0.33,-2.62,,4.5,,3.3,,-84.48,40.0595,18.121,16.7,0.0
2004,1,3,1.865169,0.0154,0.57,0.051,,,,,,450.0,,0.0307,3068.0,0.17,0.13,-0.33,-2.62,,4.5,,3.3,,-84.48,40.0595,18.121,16.7,0.0
2005,1,1,704.1984,1.219,4.16,0.371,,,,0.041,,185.0,346.0,0.05008,5308.0,0.76,0.79,-0.25,-0.398,4.61,4.0,1.58,0.0,,,348.558,14.289,13.611,1.0
2007,1,1,2.6843285,0.03585,13.361,1.192,189.101,0.595,0.459,0.019,,1605.0,8.106,0.12599,5560.0,0.95,0.85,-0.1,,4.41,11.0,1.398,2.5,,-3.04,758.753,15.205,14.462,0.0
2009,1,1,3.79701816,0.0464,10.962,0.978,79.45,0.25,0.27,0.33,,1070.0,11.6,0.1168,5170.0,0.86,0.93,0.24,-0.323,4.54,5.0,1.448,3.0,,-45.4,646.647,16.047,14.845,0.0
2010,1,1,3.21751883,0.0414,12.22,1.09,108.06,0.34,0.26,0.18,,1300.0,9.67,0.1221,5725.0,0.92,0.91,-0.21,-0.089,4.47,6.0,1.17,3.0,,-78.83,843.695,15.736,15.032,0.0
2011,1,1,10.290994,0.091,13.79,1.23,92.17,0.29,0.16,0.57,,1100.0,14.2,0.0913,5800.0,1.35,0.96,-0.19,0.29,4.14,7.0,0.4,3.0,,-23.94,1017.8,15.13,14.301,0.0
2012,1,1,3.52563254,0.0433,12.11,1.08,403.63,1.27,1.02,0.22,,1070.0,11.65,0.1384,5150.0,0.8,0.87,0.09,-0.39,4.57,5.0,1.704,2.0,,-21.3,686.284,16.584,15.362,0.0
2013,1,1,3.0240949,0.046,13.664,1.219,1026.5909,3.23,5.0,,,1620.0,6.975,0.08628,6041.0,1.42,1.32,0.33,,4.26,,,,,,1005.84,14.703,13.986,0.0
2014,1,2,35.968,0.2244,3.25,0.29,,,,,,667.0,,0.02003,5884.0,1.49,1.17,0.2,,4.15,,,,,,917.477,14.636,13.908,0.0
2015,1,2,110.979,0.4757,1.75,0.16,,,,,,458.0,,0.0108,5884.0,1.49,1.17,0.2,,4.15,,,,,,917.477,14.636,13.908,0.0
2016,1,3,6.803,0.0719,0.764,0.068,,,,,,1032.0,,0.0064,6004.0,1.09,1.07,0.07,,4.4,,,,,,486.546,12.85,12.139,0.0
2017,1,3,8.703,0.0847,0.668,0.06,,,,,,951.0,,0.0056,6004.0,1.09,1.07,0.07,,4.4,,,,,,486.546,12.85,12.139,0.0
2018,1,3,11.922,0.1045,1.11,0.1,,,,,,856.0,,0.0093,6004.0,1.09,1.07,0.07,,4.4,,,,,,486.546,12.85,12.139,0.0
2020,1,1,5.33408384,0.0679,16.25,1.45,896.24,2.82,1.13,0.119,,1776.0,6.44,0.0659,6360.0,2.26,1.46,-0.01,0.88,3.89,2.67,0.177,11.0,,-1.28,1878.31,15.373,14.717,0.0
2021,1,1,12.8747099,0.1143,12.67,1.13,908.96,2.86,2.4,0.131,,1000.0,17.9,0.0835,5977.0,1.38,1.2,0.25,0.33,4.24,4.0,0.65,3.0,,-51.16,1222.54,15.229,14.49,0.0
2022,1,1,8.6001536,0.0948,22.31,1.99,266.97,0.84,0.131,0.114,,1729.0,6.35,0.06384,6161.0,3.21,1.54,-0.18,1.129,3.61,2.25,0.066,6.0,,-26.37,1418.77,14.228,13.704,0.0
2028,1,1,3.2467293,0.0446,12.22,1.09,317.82,1.0,0.93,0.066,,1544.0,7.07,0.0828,5800.0,1.35,1.12,0.15,,4.22,5.8,0.63,4.0,,-35.89,1188.0,14.924,14.803,0.0
2048,1,1,2.455239,0.03,10.76,0.96,160.497,0.505,0.8,0.11,,1000.0,10.6,0.179,3820.0,0.55,0.59,0.28,,4.7,0.5,4.0,,,,381.949,18.195,16.744,0.0
2052,1,1,384.843,1.046,1.63,0.145,,,,,1.1,265.0,,0.0128,5757.0,1.11,1.04,0.21,,4.32,6.0,0.84,,,,551.727,14.505,13.54,1.0
2054,2,3,10.5737534,0.09528,2.37,0.211,5.4,0.01699,2.23,0.32,117.7,916.0,,,5687.0,1.07,1.03,0.32,,,5.25,,,,,230.869,12.382,11.567,0.0
2057,1,3,33.60134,0.1968,9.057,0.808,1907.0,6.0,14.0,0.01,,543.0,45.1,0.0887,5155.0,0.94,0.9,0.41,-0.255,4.45,9.7,1.53,,,,777.06,16.235,15.312,0.0
2058,1,3,57.011,0.2799,,,119.499,0.376,,0.0146,,455.0,64.1,,5155.0,0.94,0.9,0.41,-0.255,4.45,9.7,1.53,,,,777.06,16.235,15.312,0.0
2110,1,1,3.5484657,0.0538,15.984,1.426,670.93913,2.111,0.4,,,1750.0,6.45,0.07996,6297.0,1.79,1.37,0.04,,3.96,,,,,,899.777,14.161,13.325,0.0
2123,1,3,45.154,0.2514,7.1,0.633,2.1,0.007,0.03,0.04,,543.0,61.5,0.07414,6018.0,0.94,1.04,,,4.51,0.3,2.16,,,,783.831,15.119,14.885,0.0
2124,1,3,85.312,0.384,9.0,0.803,4.0,0.013,0.03,0.014,,439.0,94.1,0.094,6018.0,0.94,1.04,,,4.51,0.3,2.16,,,,783.831,15.119,14.885,0.0
2125,1,3,130.194,0.509,9.7,0.865,7.6,0.024,0.046,0.008,,381.0,124.7,0.10141,6018.0,0.94,1.04,,,4.51,0.3,2.16,,,,783.831,15.119,14.885,0.0
2166,2,1,81.73778,0.3554,2.215,0.198,12.9,0.04059,6.5,0.21,5.07,417.0,,,5534.0,0.87,0.89,-0.09,,,5.3,,,,,155.956,12.161,11.27,0.0
2167,1,2,125.63243,0.4988,8.373,0.747,308.2951,0.97,2.9,0.39,,388.0,94.60738,,5820.0,0.95,1.05,-0.01,,4.5,,1.713,4.4,11.77,9.96,307.318,13.15,12.444,0.0
2168,1,2,1000.0,2.42,,,762.792,2.4,,0.5,,253.0,,,5820.0,0.95,1.05,-0.01,,4.5,,1.713,4.4,11.77,9.96,307.318,13.15,12.444,1.0
2183,1,3,24.61480613,0.1575,4.2,,,,,0.0,27.93,586.0,66.7,0.03898,5312.0,0.99,0.86,0.16,,4.38,,9.2699,,,,635.145,13.98,14.805,0.0
2192,1,2,4.030467,0.04766,4.741,0.423,116.00737,0.365,,,436000.0,1089.0,11.4,0.04828,5191.0,0.9,0.89,0.152,-0.271,4.48,8.8,1.727,,,,728.525,16.14,15.034,0.0
2193,1,2,328.24017,0.898,11.579,1.033,2129.45033,6.7,7.53,0.346,1090.0,251.0,214.8,0.11778,5191.0,0.9,0.89,0.152,-0.271,4.48,8.8,1.727,,,,728.525,16.14,15.034,1.0
2228,1,4,4.45814897,0.0533,1.61,,,,,0.0,511.6,1212.0,8.09,0.01364,6100.0,1.08,1.02,-0.12,,4.38,,0.5039,,,,969.252,15.343,15.086,0.0
2254,1,1,3.2346996,0.04852,14.617,1.304,212.31044,0.668,0.4,,,1460.0,7.503,0.09424,5647.0,1.39,1.21,0.34,,4.24,,,,,,587.039,14.051,13.286,0.0
2272,1,1,59.87756,,2.15,0.192,,,,0.25,,273.0,90.6,0.03301,4017.0,0.62,0.64,0.03,,,1.0,,,,,335.079,17.138,15.277,1.0
2287,1,3,11.67894236,0.1021,4.17,,,,,0.0,112.07,830.0,31.4,0.03959,6122.0,0.96,1.04,-0.18,,4.49,,4.2773,,,,900.678,15.607,14.84,0.0
2288,1,5,5.714932,0.0553,1.31,0.117,9.0,0.03,,,,750.0,18.7,0.0188,4925.0,0.64,0.69,-0.37,-0.678,4.68,7.0,3.8,0.4,,,300.874,15.027,13.965,0.0
2289,1,5,12.4417,0.0929,0.54,0.048,4.0,0.013,,,,578.0,31.4,0.0077,4925.0,0.64,0.69,-0.37,-0.678,4.68,7.0,3.8,0.4,,,300.874,15.027,13.965,0.0
2290,1,5,18.16406,0.12,1.95,0.174,14.0,0.044,,,,510.0,40.4,0.0278,4925.0,0.64,0.69,-0.37,-0.678,4.68,7.0,3.8,0.4,,,300.874,15.027,13.965,0.0
2291,1,5,122.3874,0.427,1.61,0.144,36.0,0.113,,,,270.0,144.0,0.0232,4925.0,0.64,0.69,-0.37,-0.678,4.68,7.0,3.8,0.4,,,300.874,15.027,13.965,1.0
2292,1,5,267.291,0.718,1.41,0.126,35.0,0.11,,,,208.0,243.0,0.0203,4925.0,0.64,0.69,-0.37,-0.678,4.68,7.0,3.8,0.4,,,300.874,15.027,13.965,1.0
2337,1,2,5.25449393,0.0602,1.41,,,,,0.0,213.25,975.0,7.52,0.01357,5550.0,0.95,1.05,0.46,,4.5,,0.2908,,,,890.352,16.314,15.549,0.0
2363,2,4,5.39875259,0.06135,2.357,0.21,8.03,0.02527,3.37,0.09,441.0,1275.0,,,5847.0,1.26,1.06,0.11,,,6.84,,,,,144.166,10.728,10.077,0.0
2364,2,4,9.605027,0.09008,0.979,0.087,1.3,0.00409,7.5,0.099,204.0,1052.0,,,5847.0,1.26,1.06,0.11,,,6.84,,,,,144.166,10.728,10.077,0.0
2375,1,2,13.722341,0.094,2.24,0.2,,,,0.16,,779.0,21.8,0.02207,5638.0,0.93,0.81,-0.29,-0.097,4.4,,1.37,,,-38.7,730.625,14.655,13.866,0.0
2376,1,2,242.4613,0.64,1.71,0.153,,,,0.14,,299.0,148.0,0.0168,5638.0,0.93,0.81,-0.29,-0.097,4.4,,1.37,,,-38.7,730.625,14.655,13.866,1.0
2386,1,1,4.8854892,0.06067,18.181,1.622,140.16303,0.441,0.14,,,1630.0,6.637,0.08294,5933.0,1.97,1.36,0.11,,3.98,,,,,,922.562,13.62,13.008,0.0
2419,1,2,6.49168281,0.0694,12.33,1.1,,,,,,1219.0,10.6,0.08013,5620.0,1.41,1.05,0.21,,4.16,9.5,0.529,,,,1935.04,16.639,15.782,0.0
2420,1,2,2.85188338,0.03997,1.569,0.14,,,,,,1607.0,6.1,0.01025,5620.0,1.41,1.05,0.21,,4.16,9.5,0.529,,,,1935.04,16.639,15.782,0.0
2431,1,1,7.340711,0.0781,10.76,0.96,200.22,0.63,0.88,0.0,,1078.0,15.47,0.0912,6000.0,1.12,1.18,0.42,,4.44,0.8,1.3,5.0,,19.37,1177.55,15.251,14.487,0.0
2442,1,1,8.8849116,0.0818,11.77,1.05,3209.9,10.1,11.0,0.57,,767.0,19.77,0.1212,5200.0,0.89,0.91,0.3,,4.5,6.2,1.85,3.5,,-64.18,835.356,16.237,15.414,0.0
2458,1,1,1.5449298,0.0274,15.244,1.36,638.8383,2.01,1.1,,,2140.0,4.464,0.1033,6409.0,1.32,1.2,-0.1,,4.2,,,,,,822.96,13.478,13.474,0.0
2464,1,3,4.09667624,0.0466,1.42,,,,,0.0,182.9,938.0,14.38,0.01546,4999.0,0.84,0.8,0.18,,4.49,,3.351,,,,962.459,16.883,15.965,0.0
2465,1,3,6.50327035,0.0634,1.67,,,,,0.0,98.81,804.0,19.47,0.01813,4999.0,0.84,0.8,0.18,,4.49,,3.3028,,,,962.459,16.883,15.965,0.0
2473,1,1,3.57878087,0.04501,10.761,0.96,136.661,0.43,0.603,0.0,,1440.0,9.764,0.09924,5520.0,0.99,0.95,0.2,,4.42,7.5,1.365,1.5,,-24.76,639.411,15.028,14.152,0.0
2486,2,1,0.35500745,0.00901,1.201,0.107,1.68,0.00529,5.33,0.0,4070.0,2223.0,,,5058.0,0.75,0.78,-0.18,,,,,,12.92,,124.376,12.865,11.717,0.0
2493,1,2,17.157236,0.1309,1.55,,,,,0.0,119.87,844.0,11.41,0.00956,5676.0,1.49,1.02,0.1,,4.1,,0.0955,,,,1303.72,14.343,13.392,0.0
2514,1,1,3.5224991,0.0474,15.872,1.416,187.5197,0.59,0.27,,,1680.0,6.854,0.09575,6213.0,1.49,1.21,-0.055,,4.17,,,,,,1021.87,13.804,13.598,0.0
2520,1,6,14.64558,,1.13,0.101,,,,,,418.0,45.0,0.0153,4540.0,0.68,0.83,0.04,,4.64,,,,,,369.451,16.303,15.23,0.0
2585,1,1,394.62508,1.137,8.082,0.721,298.7587,0.94,3.09,0.078,5290.0,363.0,134.0,0.04063,5950.0,1.82,1.26,0.145,0.573,4.02,4.7,0.292,,,,822.134,13.708,12.878,0.0
2604,1,2,2.42150341,0.0382,1.62,,,,,0.0,1305.04,1532.0,5.35,0.01238,6213.0,1.2,1.27,0.36,,4.39,,0.4952,,,,2022.9,16.337,15.898,0.0
2606,1,2,6.20920207,0.061,0.89,,,,,0.0,164.98,914.0,17.49,0.00919,5440.0,0.89,0.78,-0.24,,4.44,,2.6258,,,,586.137,15.583,14.635,0.0
2611,1,2,114.73635,0.481,13.49,1.204,324.2,1.02,0.729,0.036,,478.0,57.4,0.06855,5600.0,1.82,1.1,-0.17,,3.96,7.5,,4.3,,,1232.9,15.429,14.681,0.0
2612,1,2,191.2318,0.676,6.14,0.548,6.4,0.02,0.152,0.039,,403.0,80.7,0.03123,5600.0,1.82,1.1,-0.17,,3.96,7.5,,4.3,,,1232.9,15.429,14.681,0.0
2624,1,2,11.8061737,0.1216,2.87,,,,,0.0,926.72,1407.0,9.08,0.01011,6900.0,2.6,1.71,0.0,,3.84,,0.1016,,,,601.324,12.358,11.845,0.0
2642,1,2,29.5422566,0.1792,3.15,,,,,0.0,16.56,515.0,6.444,0.03589,5510.0,0.8,0.88,-0.16,,4.57,,0.0058,,,,2334.93,16.45,15.457,0.0
2648,1,3,1.592851,0.0273,1.64,0.146,,,,,,2026.0,5.54,0.0147,5777.0,1.02,1.07,0.12,,4.49,1.0,,1.9,,,628.257,14.57,13.922,0.0
2649,1,8,14.44912,,1.32,0.118,,,,,,709.0,33.8,0.00935,6015.0,1.29,1.12,0.098,,4.27,,,,,,848.254,14.604,13.883,0.0
2661,1,1,6.24658,0.0731,15.323,1.367,257.4423,0.81,0.4,,,2040.0,2.496,0.02181,4550.0,6.3,1.31,0.11,,2.95,,,,,,1294.69,14.097,12.712,0.0
2687,1,2,4.72673978,0.05343,1.478,0.132,4.66,0.01466,7.93,0.0,275.0,1133.0,,,5669.0,0.92,0.91,-0.18,,,6.6,,,,,95.9115,10.731,9.996,0.0
2710,1,2,20.99757968,0.1394,2.97,,,,,0.0,27.2,582.0,64.9,0.03036,5211.0,0.9,0.82,0.08,,4.45,,11.7201,,,,486.105,15.72,14.718,0.0
2744,1,2,5.05821338,0.0567,10.69,,,,,0.0,439.8,1168.0,11.53,0.05871,4883.0,1.67,0.95,0.56,,3.97,,1.1333,,,,426.088,16.118,14.633,0.0
2772,4,1,138.317,0.652,6.18,0.551,169.0,0.531,,0.0702,,481.0,22.1435,0.03268,6407.0,1.73,1.53,0.21,,4.14,2.0,0.293,32.6,,21.18,1033.16,14.932,13.841,0.0
2773,1,1,282.52542,0.833,9.337,0.833,87.08498,0.274,0.58,0.215,2220.0,295.0,188.9,0.0903,5734.0,0.95,0.97,0.017,-0.058,4.47,4.1,1.6,,,,343.863,13.446,12.645,1.0
